,Local Authority code,Local Authority name,Violence with injury,median_houses_2020,median_earning_2020,ratio_by_medians_2020,lower_quatile_houses_2020,lower_quatile_earning_2020,ratio_by_lower_quatile_2020,Total_Threaten_or_is_Homeless,A_B_property_counts,C_D_property_counts,E_F_property_counts,G_H_property_counts,Taxi_only_licensed_drivers,Total_licensed_vehicles,total_drivers,Retail,Education,Health,"Arts, entertainment, recreation & other services"
0,E07000223,Adur,486,315000,30072,10.47,262500,23956,10.96,53,7860,17650,2730,320,48,118,166,175,45,90,160
1,E07000128,Wyre,739,164500,27252,6.04,125000,20928,5.97,101,24030,20330,7960,1160,0,239,239,425,40,140,235
2,E07000089,Hart,1018.333333,415000,41491,10,325000,27829,11.68,29,2990,18860,15050,4160,0,209,209,220,90,140,305
3,E07000030,Eden,269,195000,30707,6.35,142000,20904,6.79,29,11710,10460,4590,440,82,88,170,185,55,75,145
4,E08000002,Bury,[x],178000,32173,5.53,130000,22714,5.72,235,48950,26490,7360,1450,48,754,802,795,135,340,490
5,E06000014,York,1613,247000,29065,8.5,196000,21287,9.21,228,38030,40240,11560,1990,282,681,963,540,155,290,520
6,E07000224,Arun,1201,287500,28861,9.96,227000,20657,10.99,204,20800,36070,16460,2990,0,168,168,460,85,245,370
7,E07000119,Fylde,515,205000,36089,5.68,146000,26375,5.54,64,13800,16630,7900,1770,29,203,232,300,55,125,205
8,E08000010,Wigan,[x],147000,29872,4.92,105000,21951,4.78,589,101680,37500,8850,690,179,887,1066,770,150,350,645
9,E06000032,Luton,1797,251000,29467,8.52,210000,21870,9.6,419,47640,30360,4510,300,103,959,1062,705,135,350,345
10,E07000220,Rugby,905,245000,32338,7.58,185000,22809,8.11,96,20520,18470,8160,1840,0,202,202,275,105,130,265
11,E09000005,Brent,2803,498000,34366,14.49,353000,23584,14.97,-51,19260,74940,28970,3670,0,229,229,1915,245,585,950
12,E07000129,Blaby,576,225000,35222,6.39,190000,24648,7.71,101,20320,16680,6100,560,40,84,124,260,70,135,225
13,E07000063,Lewes,712,320000,31031,10.31,257500,22953,11.22,103,10610,23460,9070,2590,118,567,685,310,85,155,355
14,E07000169,Selby,619,210000,34079,6.16,160497.5,23724,6.77,58,17330,14880,7670,1010,63,120,183,245,50,105,190
15,W06000003,Conwy,1127,170000,29972,5.67,129000,21726,5.94,,,,,,0,250,250,,,,
16,E06000029,Poole,1202.333333,285000,29284,9.73,218000,22424,9.72,562,60460,89450,30790,6880,736,947,1683,1215,300,740,950
17,E07000150,Corby,910,192000,27844,6.9,155500,21686,7.17,,20680,7720,2100,180,211,186,397,140,40,80,145
18,E06000015,Derby,3552,170000,32181,5.28,127000,23023,5.52,646,78660,25440,6940,710,0,925,925,660,160,410,505
19,E08000035,Leeds,8784,192500,30274,6.36,140000,22470,6.23,1079,217870,104830,32260,7900,951,4498,5449,2305,440,1290,1800
20,W06000023,Powys,761,180000,28666,6.28,135000,21336,6.33,,,,,,0,339,339,,,,
21,E07000108,Dover,1255,250000,34299,7.29,187000,23866,7.84,158,24000,21410,6810,1600,0,167,167,320,75,150,215
22,E07000113,Swale,1650,249999,31177,8.02,197000,20643,9.54,235,26460,28530,8220,1360,0,235,235,340,80,175,275
23,E07000041,Exeter,1196,256500,30188,8.5,200000,20828,9.6,262,28180,23550,6340,1010,0,479,479,330,115,255,310
24,E09000007,Camden,2160,800000,42528,18.81,526500,31758,16.58,216,15860,46880,31490,17520,,,,2840,575,960,2675
25,E09000025,Newham,2865,400000,32942,12.14,335000,24179,13.85,382,38830,76810,7410,280,,,,1670,275,440,625
26,E07000064,Rother,638,310000,29084,10.66,225000,21672,10.38,-51,12120,19210,11420,2950,0,150,150,335,65,160,260
27,E06000035,Medway,3259,250000,33259,7.52,207000,23397,8.85,452,49810,52470,13550,1530,376,628,1004,815,165,380,465
28,E07000114,Thanet,2047,247725,27617,8.97,180000,20996,8.57,233,35960,25560,5560,810,97,526,623,380,85,165,330
29,E07000217,Woking,722,400000,40708,9.83,300000,28021,10.71,83,3710,23070,10370,5880,0,490,490,665,85,180,330
30,E09000024,Merton,1350,485000,42049,11.53,382000,27970,13.66,170,9660,51510,18900,5860,,,,745,195,485,655
31,E07000178,Oxford,1238,400000,34124,11.72,321802,24947,12.9,133,12830,35360,10300,3900,0,742,742,350,220,335,435
32,E07000122,Pendle,816,113000,26613,4.25,72000,19775,3.64,169,29660,7820,2830,570,10,320,330,295,35,135,190
33,E09000009,Ealing,2732,480000,36354,13.2,375000,25579,14.66,618,18550,80660,34140,8040,,,,1825,285,645,1115
34,E08000027,Dudley,3009,180000,30742,5.86,138000,22920,6.02,608,82570,46890,9480,1110,549,954,1503,840,150,445,630
35,E08000015,Wirral,2697,165000,28977,5.69,118000,21080,5.6,255,92870,40970,12600,3420,286,1060,1346,1455,200,500,745
36,E06000027,Torbay,1650,203250,27409,7.42,157000,21523,7.29,233,31430,27390,7670,1380,0,474,474,390,75,220,290
37,E08000004,Oldham,[x],139950,26357,5.31,100000,20472,4.88,468,68010,23410,4910,980,0,1053,1053,715,110,325,460
38,E07000163,Craven,619,229950,26192,8.78,161500,18634,8.67,30,10560,10510,5420,1440,137,137,274,255,20,105,190
39,E07000136,Boston,625,167750,24219,6.93,129950,17978,7.23,69,21340,8290,1050,90,0,244,244,185,30,85,130
40,E08000001,Bolton,[x],145000,27107,5.35,102500,21123,4.85,517,86670,29310,7930,2110,108,1271,1379,1225,150,605,640
41,E09000015,Harrow,1307,480000,38460,12.48,370000,26098,14.18,182,4950,51270,30770,7480,,,,1170,265,635,685
42,E07000187,Mendip,892.5,266250,29573,9,209500,21325,9.82,162,20790,20770,9430,2080,0,203,203,420,95,155,335
43,E09000029,Sutton,1331,403500,34901,11.56,305000,24896,12.25,233,8840,52410,19730,4010,,,,585,150,380,490
44,E06000006,Halton,1564,150000,30709,4.88,102500,22487,4.56,254,39690,13340,4980,390,0,350,350,220,65,140,215
45,E06000039,Slough,1602,325000,32818,9.9,256000,24682,10.37,187,12050,36580,6330,350,45,528,573,535,100,230,235
46,E09000004,Bexley,1772,370000,39869,9.28,295000,27000,10.93,154,15190,58050,24430,1750,,,,600,165,355,520
47,E07000090,Havant,1433,283000,29858,9.48,220000,20160,10.91,123,23080,23380,8300,1010,0,535,535,260,75,180,270
48,E07000082,Stroud,682,272000,32059,8.48,213000,23644,9.01,-51,20110,20800,10940,2840,0,152,152,365,120,225,390
49,E07000073,Harlow,982,285000,27857,10.23,248000,20898,11.87,88,10860,23800,3860,450,46,233,279,200,60,155,180
50,E07000133,Melton,404,214000,27398,7.81,170000,17382,9.78,-51,10980,7460,3950,1070,0,54,54,145,40,70,150
51,E09000003,Barnet,2305,557500,34999,15.93,405000,24374,16.62,532,13970,67760,52600,20680,,,,3060,470,1110,1475
52,E08000014,Sefton,2338,177450,30010,5.91,128000,21994,5.82,198,67380,46070,12460,3000,260,4302,4562,715,165,430,650
53,E07000074,Maldon,357,320000,37380,8.56,260000,25197,10.32,62,6200,13650,7410,1760,0,79,79,205,45,100,180
54,E07000103,Watford,803,375000,34604,10.84,300000,25678,11.68,99,4930,27800,5830,1990,0,349,349,525,85,185,265
55,E07000227,Horsham,732,395000,34990,11.29,305000,23832,12.8,107,8880,27540,19530,8580,19,173,192,425,125,235,490
56,E07000222,Warwick,834,307750,35029,8.79,240000,24263,9.89,119,17330,31220,13140,4880,0,328,328,475,140,290,435
57,E07000138,Lincoln,1300,159950,29442,5.43,125000,20754,6.02,155,37030,7470,1820,190,47,356,403,250,60,140,190
58,E07000202,Ipswich,1610,200000,27833,7.19,161875,21671,7.47,431,42220,15780,3250,390,52,524,576,365,70,225,315
59,E09000022,Lambeth,3186,550000,42000,13.1,415700,29617,14.04,750,38450,74640,26270,6960,,,,1035,260,580,1270
60,E07000096,Dacorum,1027,390000,35134,11.1,306550,26230,11.69,166,9440,35560,14820,5810,150,305,455,440,150,270,540
61,E07000206,Waveney,762,,,,,,,,,,,,,,,,,,
62,E07000173,Gedling,627.6666667,193000,30019,6.43,147500,22617,6.52,54,29870,16960,5520,980,0,751,751,280,60,175,215
63,E09000012,Hackney,2595,626000,37585,16.66,447000,27302,16.37,545,39880,59560,17300,1280,,,,1850,430,635,1660
64,W06000022,Newport,1715,175000,29611,5.91,133000,21031,6.32,,,,,,0,865,865,,,,
65,W06000002,Gwynedd,952,158500,27566,5.75,112000,20816,5.38,,,,,,0,397,397,,,,
66,E09000010,Enfield,2680,415000,33161,12.51,335000,24476,13.69,735,17150,71310,30730,6870,,,,1390,225,600,880
67,W06000020,Torfaen,791,158000,29006,5.45,116000,22329,5.2,,,,,,0,195,195,,,,
68,E07000036,Erewash,1030,167500,29203,5.74,128000,21260,6.02,75,35770,12970,3200,550,0,200,200,270,60,125,195
69,E07000065,Wealden,688,325000,34747,9.35,255000,23770,10.73,83,12310,32170,19110,7920,0,302,302,545,160,265,510
70,E07000087,Fareham,704,299950,32965,9.1,243000,25666,9.47,155,10850,26280,11620,1600,128,228,356,225,90,170,280
71,E07000010,Fenland,695,197000,28175,6.99,157500,20799,7.57,153,29650,13410,2990,200,63,127,190,245,30,85,205
72,E07000088,Gosport,854,210000,30119,6.97,175000,23275,7.52,126,19410,14340,3550,350,43,128,171,145,30,80,160
73,E09000008,Croydon,3519,390000,37458,10.41,307500,25653,11.99,568,27380,91510,35160,8140,,,,1275,305,750,915
74,E07000148,Norwich,1956,198000,26927,7.35,161000,21147,7.61,104,51710,12420,3190,680,0,663,663,455,105,255,380
75,E07000105,Ashford,1019,290000,30342,9.56,223000,22933,9.72,153,17740,22740,12420,3530,0,195,195,375,95,240,330
76,E07000123,Preston,1435,150000,26918,5.57,98000,21488,4.56,231,42480,17000,4670,1010,207,873,1080,575,95,265,325
77,E08000030,Walsall,3218,158000,27896,5.66,120300,21338,5.64,219,79220,28900,8010,880,17,981,998,800,115,375,500
78,E07000226,Crawley,1319,295000,31407,9.39,250000,25264,9.9,221,8750,31110,6100,480,128,704,832,240,70,130,210
79,E09000006,Bromley,2130,455000,43142,10.55,340000,28880,11.77,219,12400,66390,47700,15440,,,,930,285,655,1050
80,E06000023,Bristol,4283,280000,32604,8.59,224000,25456,8.8,682,128110,58920,14700,3210,467,1264,1731,1260,330,845,1240
81,E08000006,Salford,[x],177000,29439,6.01,136000,21094,6.45,466,88390,29320,5120,960,122,905,1027,1030,160,390,515
82,E07000167,Ryedale,619,229950,26318,8.74,175500,20871,8.41,61,8900,10700,5690,1290,0,92,92,225,40,75,255
83,E06000017,Rutland,191,304000,32577,9.33,210500,26530,7.93,25,6430,5800,4020,1460,0,73,73,165,35,55,125
84,W06000015,Cardiff,3188,215000,28194,7.63,163250,20858,7.83,,,,,,0,2023,2023,,,,
85,W06000011,Swansea,2049,155000,27480,5.64,115000,21208,5.42,,,,,,0,919,919,,,,
86,W06000006,Wrexham,1433,155000,28990,5.35,117000,21429,5.46,,,,,,57,444,501,,,,
87,E06000030,Swindon,2148,227500,31580,7.2,176625,23768,7.43,340,42410,42050,12960,1470,122,1209,1331,425,140,255,410
88,E06000055,Bedford,1258,281625,34778,8.1,221000,25242,8.76,266,29130,31230,13920,3380,39,533,572,540,130,280,470
89,E07000117,Burnley,1236,97500,25987,3.75,61000,19179,3.18,125,31150,9140,1600,150,35,357,392,300,30,125,170
90,E07000051,Purbeck,147.1333333,,,,,,,,,,,,,,,,,,
91,E06000038,Reading,1637,300000,32878,9.12,250000,23373,10.7,353,22050,41080,9040,1960,392,857,1249,455,120,285,395
92,E07000200,Babergh,552,280000,31677,8.84,219475,20703,10.6,59,16980,16050,6930,1890,0,159,159,260,60,120,230
93,E07000007,Wycombe,703,,,,,,,,,,,,,,,,,,
94,E07000118,Chorley,884,174500,31110,5.61,128500,21713,5.92,107,27010,16540,7560,1040,14,166,180,355,75,175,300
95,E08000034,Kirklees,4091,160000,29001,5.52,115000,21544,5.34,360,120480,49390,17530,2370,0,2020,2020,1635,245,785,865
96,E08000011,Knowsley,1422,150000,29807,5.03,108000,21639,4.99,235,52700,14610,2160,150,184,1339,1523,255,55,170,200
97,E08000016,Barnsley,2499,135000,26917,5.02,95000,20579,4.62,218,83920,23130,5500,740,0,448,448,580,120,220,405
98,E07000120,Hyndburn,895,110000,25425,4.33,70000,21151,3.31,35,27550,8390,1140,180,6,385,391,235,45,155,155
99,W06000013,Bridgend,1174,160000,28064,5.7,120000,20842,5.76,,,,,,0,424,424,,,,
100,E08000032,Bradford,6637,139950,27871,5.02,95500,20601,4.64,699,138090,58630,18890,4020,301,3354,3655,1930,290,920,1020
101,E08000029,Solihull,1584,287250,35056,8.19,205000,24014,8.54,223,26780,39940,20930,6010,157,1612,1769,520,165,445,505
102,E07000238,Wychavon,809.6666667,280000,28652,9.77,213500,22917,9.32,99,18640,21860,14250,4830,0,315,315,425,90,195,360
103,E09000014,Haringey,2497,518750,35590,14.58,400000,26179,15.28,540,27470,61400,16500,5430,,,,1130,240,475,1135
104,E07000229,Worthing,938,292750,30100,9.73,217000,22642,9.58,125,19560,22710,7900,940,85,276,361,275,70,205,285
105,E09000018,Hounslow,2461,427000,34694,12.31,332010,25666,12.94,-51,11790,67590,21930,5060,,,,1070,215,425,825
106,E07000062,Hastings,1285,230000,26336,8.73,177000,18949,9.34,255,27120,13320,3100,230,0,365,365,250,55,145,240
107,E07000172,Broxtowe,627.6666667,192500,32083,6,154000,24795,6.21,66,29800,16970,3500,520,0,130,130,260,55,175,225
108,E09000016,Havering,1639,375000,35227,10.65,320000,27749,11.53,563,16590,64570,21970,3400,,,,740,150,430,540
109,E07000066,Basildon,1753,305000,32783,9.3,243500,22040,11.05,170,25290,39260,12460,2180,0,382,382,470,115,270,375
110,E09000023,Lewisham,2789,430000,37235,11.55,340000,26388,12.88,530,44310,73920,10680,1540,,,,800,195,500,915
111,E07000197,Stafford,715,214950,31240,6.88,160000,22640,7.07,46,26150,23740,10360,1730,0,159,159,370,100,220,340
112,E07000033,Bolsover,739,135000,27706,4.87,100000,20318,4.92,47,28460,7050,1440,150,0,122,122,190,35,65,140
113,E07000216,Waverley,529,480000,41237,11.64,350000,27055,12.94,71,4350,23190,16680,10640,0,224,224,440,165,220,570
114,E08000026,Coventry,3400,185000,29102,6.36,147000,20685,7.11,667,104110,34810,7380,1630,835,793,1628,1035,165,450,595
115,E07000076,Tendring,1462,239472.5,28929,8.28,182750,22553,8.1,205,31240,32710,7330,960,0,271,271,375,70,195,265
116,E07000107,Dartford,1162,320000,38084,8.4,264995,25828,10.26,120,8520,28270,9920,1150,49,156,205,285,75,155,205
117,E07000151,Daventry,573.5,265000,29548,8.97,203000,21111,9.62,,12450,14380,8110,2610,108,126,234,230,95,105,270
118,E07000079,Cotswold,388,357500,32175,11.11,265500,20690,12.83,55,9040,18840,11500,5370,0,130,130,445,105,170,445
119,E06000052,Cornwall,4434,236000,27223,8.67,173000,19396,8.92,937,134830,102650,34460,4590,262,1022,1284,1985,325,795,1425
120,E07000029,Copeland,637,130000,43463,2.99,83500,26519,3.15,68,23910,7430,2360,110,143,196,339,120,35,60,140
121,E06000026,Plymouth,3381,182500,26862,6.79,145000,20650,7.02,453,80840,33510,6980,670,315,962,1277,495,125,350,370
122,E07000005,Chiltern,703,,,,,,,,,,,,,,,,,,
123,E08000008,Tameside,[x],153100,25643,5.97,122500,19982,6.13,298,71780,26710,4760,470,125,715,840,675,105,265,430
124,E07000236,Redditch,802,216000,26082,8.28,163000,20235,8.06,124,20000,12320,4650,490,136,437,573,175,55,100,145
125,E07000199,Tamworth,520,210000,25681,8.18,168000,21226,7.91,93,21490,9590,2540,120,0,189,189,160,40,80,145
126,E07000177,Cherwell,1126,300000,32839,9.14,242000,22231,10.89,78,22090,30700,12600,2970,0,457,457,410,125,210,445
127,E07000170,Ashfield,1230,145000,26411,5.49,115000,20383,5.64,75,41400,13060,1970,150,0,417,417,295,50,110,195
128,E06000034,Thurrock,1429,290000,33242,8.72,239950,25641,9.36,199,21280,40020,7060,880,56,288,344,430,120,215,275
129,E08000028,Sandwell,3791,155000,26423,5.87,125000,20235,6.18,-51,102320,28640,3460,100,27,1118,1145,1085,125,430,475
130,E08000005,Rochdale,[x],145000,27444,5.28,105000,20137,5.21,360,68000,20640,6110,940,145,1271,1416,765,110,345,440
131,E07000075,Rochford,421,332500,33837,9.83,285000,24382,11.69,63,5320,22340,7540,1450,0,308,308,250,65,95,220
132,E08000009,Trafford,[x],290000,34599,8.38,210000,25051,8.38,239,41310,42110,12460,5220,64,974,1038,1100,205,655,665
133,E07000028,Carlisle,1118,140000,29223,4.79,98000,22763,4.31,109,34940,14000,4190,430,209,269,478,275,75,150,275
134,E07000046,Torridge,541.5,225000,26854,8.38,169950,22187,7.66,116,15440,12770,4450,400,0,120,120,195,45,85,140
135,E07000092,Rushmoor,1018.333333,300000,35361,8.48,235500,25005,9.42,151,10490,25150,5290,340,50,207,257,255,50,110,175
136,E08000012,Liverpool,6068,130000,30860,4.21,84000,21372,3.93,279,182120,41920,7290,1850,1793,2864,4657,1465,305,705,1080
137,E08000036,Wakefield,3655,156995,26150,6,115000,20321,5.66,507,109680,38770,10680,1250,238,946,1184,960,190,375,610
138,E07000188,Sedgemoor,892.5,220000,27682,7.95,165000,20455,8.07,177,26240,20530,8080,1470,97,131,228,280,80,140,280
139,E07000121,Lancaster,1325,160000,29228,5.47,120000,22804,5.26,307,39450,19310,6190,930,34,305,339,385,75,205,305
140,E07000240,St Albans,738,545000,42744,12.75,400000,28958,13.81,58,4050,26560,22230,9190,278,356,634,635,190,345,525
141,E07000174,Mansfield,1304,145000,25090,5.78,109950,20596,5.34,67,37190,10810,2070,220,0,118,118,300,45,130,180
142,E07000111,Sevenoaks,715,415000,35277,11.76,310000,23011,13.47,129,5110,23570,13660,9290,207,248,455,370,115,220,415
143,E08000019,Sheffield,5040,168000,28369,5.92,124972.5,21444,5.83,724,188880,48830,13840,3050,0,2411,2411,1390,325,835,1185
144,E08000007,Stockport,[x],233500,33827,6.9,170000,23260,7.31,319,60290,48040,19450,3650,152,985,1137,1110,185,560,800
145,E06000016,Leicester,5296,182000,24644,7.39,148000,19189,7.71,545,112240,23410,5080,660,0,1889,1889,1550,180,720,650
146,E07000212,Runnymede,542,415000,37451,11.08,327500,24155,13.56,45,3400,19040,10890,4190,0,97,97,260,80,140,275
147,E07000110,Maidstone,1607,315000,32533,9.68,247500,23409,10.57,250,13650,39370,16250,4730,11,183,194,575,125,290,415
148,E08000018,Rotherham,2480,145000,27937,5.19,105000,20424,5.14,322,86710,24920,6520,800,0,839,839,630,150,280,440
149,E07000215,Tandridge,446,440000,37478,11.74,345000,24083,14.33,66,3120,14180,12520,7520,0,121,121,265,100,165,340
150,E07000194,Lichfield,571,250000,37138,6.73,180000,23854,7.55,88,16510,18520,8650,3020,0,151,151,280,65,145,320
151,E07000243,Stevenage,913,275000,32627,8.43,243000,23859,10.18,169,8330,24910,4100,450,0,247,247,215,40,110,165
152,E09000026,Redbridge,1995,430000,36975,11.63,325000,28107,11.56,223,16320,59680,27210,3440,,,,1495,290,670,675
153,E07000042,Mid Devon,571,247750,27030,9.17,185000,21318,8.68,91,15470,13470,7190,1010,0,119,119,205,55,115,245
154,E07000098,Hertsmere,737,460000,35602,12.92,350000,25977,13.47,96,3870,22010,13450,5740,6,173,179,440,105,265,495
155,E09000028,Southwark,3008,529100,38266,13.83,400000,28082,14.24,793,49710,61930,27090,5310,,,,1690,330,620,1485
156,E06000041,Wokingham,695,420000,39551,10.62,320000,26554,12.05,79,5940,31670,26990,7070,0,156,156,405,125,255,440
157,E07000008,Cambridge,833,430000,34827,12.35,330000,23975,13.76,180,15030,30300,9710,3740,8,400,408,320,210,255,380
158,E07000207,Elmbridge,677,600000,42332,14.17,411250,28783,14.29,79,2260,21660,19030,15700,0,278,278,500,150,295,640
159,E07000086,Eastleigh,996,299995,34098,8.8,240000,25859,9.28,87,16800,29860,10970,1170,119,447,566,955,95,220,350
160,E08000037,Gateshead,1874,140000,26414,5.3,100000,20486,4.88,401,69300,21210,3430,430,76,573,649,490,115,240,400
161,E07000144,Broadland,684,255000,32070,7.95,210000,23953,8.77,60,20300,30840,7440,940,0,345,345,325,75,175,280
162,E07000109,Gravesham,1162,295000,30070,9.81,244000,21921,11.13,119,10660,25140,6710,1170,0,176,176,280,70,160,215
163,E07000068,Brentwood,436,450000,44185,10.18,345000,30161,11.44,27,3710,15300,10590,4530,,,,255,75,175,280
164,E09000011,Greenwich,2737,440000,36675,12,338000,27790,12.16,648,32860,69360,16100,2590,,,,845,220,480,690
165,E07000143,Breckland,963,220000,26613,8.27,175000,21956,7.97,172,33580,22000,6300,840,0,182,182,335,85,150,275
166,E07000209,Guildford,903,450000,41668,10.8,335000,27414,12.22,100,4840,28590,16790,9240,0,395,395,370,150,260,480
167,E07000164,Hambleton,619,237725,32913,7.22,178000,21914,8.12,57,12640,17170,10770,2690,10,142,152,290,55,145,315
168,E07000130,Charnwood,1343,225000,30221,7.45,175000,21406,8.18,-51,34250,29950,10580,2220,0,215,215,535,125,275,430
169,E07000165,Harrogate,619,295000,33033,8.93,216250,22736,9.51,167,23010,28080,16660,6540,0,359,359,610,155,315,540
170,E07000026,Allerdale,803,162250,33335,4.87,105000,22638,4.64,122,30070,12940,4180,480,175,192,367,265,65,120,255
171,E09000019,Islington,2105,650000,47120,13.79,470000,31082,15.12,519,11010,63000,28750,8030,,,,1525,390,655,1715
172,E07000153,Kettering,1003,210000,29956,7.01,164972.5,23654,6.97,,26360,13900,4940,750,92,134,226,275,75,135,225
173,E07000067,Braintree,995,286000,33116,8.64,235000,23312,10.08,125,23270,29050,11810,2500,7,191,198,330,115,190,410
174,E06000054,Wiltshire,3508,275000,31535,8.72,210000,23120,9.08,355,68480,96220,47990,12470,0,798,798,1310,445,745,1485
175,E07000171,Bassetlaw,1187,168000,30273,5.55,122000,21311,5.72,60,35500,12970,4880,770,19,116,135,300,75,130,240
176,E07000037,High Peak,691,195000,28474,6.85,149950,21965,6.83,145,21720,14010,6020,890,0,313,313,295,65,155,250
177,E08000017,Doncaster,3722,136000,29178,4.66,100000,21788,4.59,403,107100,24920,6870,1070,0,698,698,810,170,365,540
178,E07000237,Worcester,809.6666667,210000,27478,7.64,170500,21535,7.92,189,24020,17280,4970,440,0,316,316,250,70,155,265
179,E06000009,Blackpool,2707,118000,24393,4.84,88000,18594,4.73,315,53150,16080,2500,280,294,625,919,480,55,165,280
180,E06000005,Darlington,1091,144950,27087,5.35,99950,19383,5.16,209,33820,13020,4520,650,154,228,382,300,60,150,290
181,E07000071,Colchester,1824,272000,33090,8.22,210000,23556,8.91,199,32090,36330,12990,2640,0,557,557,465,150,375,435
182,E07000094,Winchester,815,420000,35966,11.68,305000,26548,11.49,53,9880,22650,15580,6480,0,234,234,1280,150,265,450
183,E07000225,Chichester,809,380000,30294,12.54,285000,22441,12.7,79,9520,26980,15030,7200,18,332,350,475,115,200,475
184,E07000078,Cheltenham,995,270000,33785,7.99,200000,22687,8.82,108,23160,23360,7910,2250,303,328,631,365,105,245,330
185,E07000070,Chelmsford,1411,352865,35257,10.01,280000,24210,11.57,215,15270,41200,17100,4640,0,283,283,495,165,300,460
186,E06000044,Portsmouth,3344,220000,26000,8.46,175000,17813,9.82,473,58660,28360,5390,720,256,958,1214,865,105,250,440
187,E07000095,Broxbourne,747,367000,37649,9.75,297750,28473,10.46,120,4370,23870,10480,2390,214,257,471,320,70,125,240
188,E07000125,Rossendale,615,140000,27738,5.05,95000,20733,4.58,88,21400,7690,2680,490,71,211,282,235,30,115,175
189,E07000106,Canterbury,1528,312750,30108,10.39,250000,22886,10.92,215,20880,34280,11630,2350,151,519,670,430,110,255,395
190,E07000176,Rushcliffe,627.6666667,280000,35633,7.86,210000,23849,8.81,88,16890,20760,11340,2620,0,231,231,495,110,255,305
191,E08000033,Calderdale,2376,147500,27846,5.3,104000,21148,4.92,178,62850,23080,8550,1380,59,1162,1221,750,150,340,520
192,W06000018,Caerphilly,1579,139950,28148,4.97,106000,21026,5.04,,,,,,0,358,358,,,,
193,E07000040,East Devon,571,282250,29012,9.73,218000,22018,9.9,150,20200,29770,17380,4310,161,154,315,510,85,240,365
194,E07000234,Bromsgrove,802,290000,33479,8.66,218000,24019,9.08,56,11190,17120,10850,3250,1,125,126,275,105,215,305
195,E06000051,Shropshire,2127,225000,30305,7.42,165000,22399,7.37,213,64470,51680,25610,5030,0,751,751,975,205,510,860
196,E08000024,Sunderland,2871,124950,26935,4.64,82500,20714,3.98,388,99100,26900,4490,710,632,568,1200,625,125,235,450
197,E07000044,South Hams,522.3333333,310000,31126,9.96,225500,22219,10.15,77,13860,17100,10930,3420,0,125,125,415,75,165,285
198,E08000025,Birmingham,15172,185000,29030,6.37,145000,21000,6.9,1404,291750,122490,30840,6800,1131,4640,5771,4345,760,2290,2005
199,E08000013,St. Helens,1770,140000,28094,4.98,101000,22040,4.58,187,56500,22390,5260,620,0,469,469,430,85,195,340
200,W06000008,Ceredigion,461,183750,26282,6.99,136000,20552,6.62,,,,,,0,163,163,,,,
201,E06000018,Nottingham,4098,146500,25434,5.76,118000,19748,5.98,715,114050,23990,3630,850,0,1737,1737,865,215,550,600
202,E07000077,Uttlesford,412,410000,36515,11.23,315000,25203,12.5,38,5410,16230,12000,5060,0,2362,2362,280,95,165,305
203,E07000083,Tewkesbury,401,269995,32875,8.21,212000,22568,9.39,94,13350,18220,9030,2210,1,273,274,235,80,140,225
204,E07000091,New Forest,1213,335000,34347,9.75,255000,23940,10.65,173,19300,37560,20610,5190,0,355,355,555,160,280,505
205,E09000032,Wandsworth,2253,665000,46213,14.39,490000,29997,16.33,361,19010,70980,42090,16910,,,,1125,300,595,1345
206,E06000007,Warrington,2102,195000,29986,6.5,137000,20503,6.68,401,47670,31330,12100,2880,0,458,458,550,150,330,490
207,E09000017,Hillingdon,2359,430000,35028,12.28,340000,25342,13.42,421,7430,73110,28640,5690,,,,1275,270,495,720
208,E07000213,Spelthorne,720,402000,34645,11.6,330000,25967,12.71,108,2160,24300,14710,2270,0,112,112,285,65,125,245
209,E06000001,Hartlepool,939,128000,28954,4.42,81000,20863,3.88,63,31490,9700,2550,640,81,262,343,190,40,100,160
210,E07000228,Mid Sussex,805,375000,36905,10.16,286000,25035,11.42,121,9220,31430,20120,5160,200,312,512,570,165,285,510
211,E07000131,Harborough,509,289997.5,36718,7.9,222950,24544,9.08,64,13640,14660,10420,2870,0,108,108,330,110,170,305
212,W06000005,Flintshire,1262,165000,28535,5.78,129000,20400,6.32,,,,,,0,348,348,,,,
213,E08000003,Manchester,[x],187000,28709,6.51,141000,21184,6.66,1676,176270,52700,8660,1160,2295,4074,6369,3375,375,1040,1370
214,E07000047,West Devon,522.3333333,255000,27068,9.42,185000,21032,8.8,35,10050,9710,5280,1100,0,73,73,220,40,90,150
215,E07000061,Eastbourne,1238,250000,31555,7.92,190000,22420,8.47,201,21890,19570,6640,1210,0,431,431,265,65,200,255
216,E07000081,Gloucester,1701,210000,27110,7.75,165000,20254,8.15,319,33760,19820,4600,190,0,347,347,260,90,210,260
217,E07000203,Mid Suffolk,494,260000,30644,8.48,207000,23255,8.9,54,18090,17520,8650,1770,0,76,76,245,80,135,295
218,E07000168,Scarborough,619,166000,27226,6.1,128000,20646,6.2,157,31170,20320,5760,710,0,255,255,370,60,165,270
219,E07000045,Teignbridge,522.3333333,253000,25149,10.06,186750,19915,9.38,196,23300,25850,12220,2130,165,285,450,380,85,215,325
220,E06000028,Bournemouth,1202.333333,,,,,,,,,,,,,,,,,,
221,E07000006,South Bucks,703,,,,,,,,,,,,,,,,,,
222,E06000045,Southampton,3886,220000,29993,7.34,171750,23171,7.41,389,71620,33040,4580,470,382,1264,1646,2130,135,355,440
223,E07000239,Wyre Forest,802,192000,29699,6.46,150000,21818,6.88,121,23120,17760,5220,1380,0,134,134,270,50,105,260
224,E07000208,Epsom Ewell,461,485000,36579,13.26,355000,26342,13.48,62,1410,14510,12430,4240,54,489,543,260,70,160,230
225,E07000210,Mole Valley,491,516500,30666,16.84,352500,24205,14.56,66,4330,12480,13380,8730,0,148,148,320,110,180,365
226,E07000154,Northampton,3031,212250,27663,7.67,168000,21005,8,448,53910,35560,8380,1370,25,824,849,660,165,415,545
227,E07000052,West Dorset,147.1333333,,,,,,,,,,,,,,,,,,
228,E09000033,Westminster,3392,980000,43726,22.41,620000,31496,19.69,491,8160,38610,42210,39980,,,,3670,665,1520,4415
229,E07000049,East Dorset,147.1333333,,,,,,,,,,,,,,,,,,
230,E07000093,Test Valley,834,310000,35083,8.84,243000,27294,8.9,113,12610,26110,13680,4310,0,243,243,555,95,245,355
231,E07000043,North Devon,541.5,255000,24765,10.3,186500,21472,8.69,313,,,,,0,218,218,340,50,165,245
232,E07000034,Chesterfield,1123,160000,27478,5.82,120000,21446,5.6,151,37090,10110,2530,240,65,579,644,290,65,160,205
233,E07000142,West Lindsey,628,183000,30442,6.01,132997.5,21604,6.16,148,24840,13750,5160,600,0,454,454,205,65,130,195
234,E07000126,South Ribble,1214,167000,29781,5.61,130000,21610,6.02,137,23290,20750,5840,590,117,276,393,330,60,155,265
235,E07000137,East Lindsey,1223,175000,26242,6.67,135000,19408,6.96,192,42340,22510,4800,610,0,289,289,530,60,145,335
236,E07000214,Surrey Heath,524,430000,39675,10.84,331000,28514,11.61,36,3020,16200,12670,5690,0,166,166,260,90,155,315
237,E07000032,Amber Valley,1025,175000,33015,5.3,135000,21814,6.19,90,35060,17000,5130,1570,0,179,179,325,70,175,300
238,E07000102,Three Rivers,491,490000,37918,12.92,365000,26983,13.53,71,3160,16670,11890,6670,21,413,434,340,80,220,265
239,W06000004,Denbighshire,1114,155000,26419,5.87,122500,20175,6.07,,,,,,0,263,263,,,,
240,E07000050,North Dorset,147.1333333,,,,,,,,,,,,,,,,,,
241,E07000201,Forest Heath,714.5,,,,,,,,,,,,,,,,,,
242,E06000031,Peterborough,1778,205000,28700,7.14,160000,20414,7.84,287,56940,22990,6610,1070,0,926,926,585,170,315,380
243,E07000048,Christchurch,1202.333333,,,,,,,,,,,,,,,,,,
244,E07000069,Castle Point,569,302500,33671,8.98,248000,24256,10.22,51,9540,22420,6290,780,0,311,311,235,55,85,180
245,E06000002,Middlesbrough,1890,134000,25849,5.18,84995,20670,4.11,286,44130,16370,3490,590,101,794,895,280,65,170,235
246,E07000124,Ribble Valley,281,231000,34688,6.66,166000,22816,7.28,23,9150,10190,6470,2190,58,116,174,290,60,110,200
247,E07000072,Epping Forest,819,467000,36549,12.78,351000,24995,14.04,134,7120,25840,16950,7340,346,272,618,525,150,225,490
248,E07000166,Richmondshire,619,200000,25007,8,155000,19786,7.83,32,8670,9110,4960,950,20,125,145,155,35,55,195
249,E06000046,Isle of Wight,1411,220000,28889,7.62,169000,18947,8.92,188,28810,30960,10330,1660,0,239,239,365,115,185,360
250,E09000030,Tower Hamlets,2673,508250,41939,12.12,400000,30143,13.27,573,29400,69390,35900,5520,,,,1390,410,535,1100
251,E07000149,South Norfolk,667,257995,29926,8.62,209000,21813,9.58,57,24540,27290,10430,1640,0,204,204,355,100,230,300
252,E07000140,South Holland,686,191995,30628,6.27,154500,22059,7,92,25190,14530,2330,130,0,188,188,250,45,100,160
253,E06000047,County Durham,4198,117000,28002,4.18,70000,20177,3.47,-51,178790,53360,14890,2480,717,1180,1897,1220,240,525,1005
254,E07000135,Oadby Wigston,400,231500,33659,6.88,180000,21079,8.54,25,10260,10250,2530,560,,,,165,45,165,105
255,W06000019,Blaenau Gwent,665,92000,25936,3.55,70000,20512,3.41,,,,,,0,118,118,,,,
256,E08000031,Wolverhampton,3305,159995,25706,6.22,123000,19651,6.26,613,81570,24260,4780,1110,94,9755,9849,865,115,370,435
257,E07000147,North Norfolk,527,260000,27278,9.53,190000,21736,8.74,78,26400,20710,7300,1140,0,196,196,400,50,125,260
258,E07000235,Malvern Hills,809.6666667,267750,30875,8.67,209975,21606,9.72,56,11380,13790,9070,2570,0,97,97,265,75,150,240
259,E06000049,Cheshire East,2402,235000,32601,7.21,163250,23908,6.83,328,68500,62610,36150,14550,0,669,669,1260,330,705,1240
260,E06000042,Milton Keynes,2541,297250,32847,9.05,222500,24075,9.24,321,50420,44600,18290,3170,0,891,891,720,230,460,735
261,E06000043,Brighton Hove,2937,365000,33649,10.85,279000,24972,11.17,263,58010,54280,15970,2980,0,986,986,4500,325,555,1245
262,E07000192,Cannock Chase,589,180000,27847,6.46,139950,21040,6.65,60,28150,13750,2580,300,0,241,241,270,50,105,220
263,W06000021,Monmouthshire,502,260000,34589,7.52,202500,23752,8.53,,,,,,0,176,176,,,,
264,W06000009,Pembrokeshire,854,180000,27309,6.59,130000,20421,6.37,,,,,,0,263,263,,,,
265,E06000037,West Berkshire,729,340000,35147,9.67,270000,24076,11.21,118,9360,37370,17460,5370,0,260,260,395,145,215,635
266,E06000020,Telford Wrekin,1939,178000,27670,6.43,132500,22402,5.91,194,48260,22230,7470,1160,0,189,189,425,100,185,570
267,E06000021,Stoke-on-Trent,2904,123000,26976,4.56,85500,20849,4.1,342,95090,20490,2390,220,0,1299,1299,660,120,310,450
268,E07000204,St Edmundsbury,714.5,,,,,,,,,,,,,,,,,,
269,E09000031,Waltham Forest,2087,465000,37592,12.37,375000,27168,13.8,484,36100,60560,10160,460,,,,1360,175,370,785
270,E07000156,Wellingborough,915,215000,25629,8.39,170000,19879,8.55,,21200,11020,3130,590,49,196,245,375,60,105,1870
271,E07000004,Aylesbury Vale,703,,,,,,,,,,,,,,,,,,
272,E08000023,South Tyneside,1364,133000,26840,4.96,92000,20138,4.57,272,56140,13320,2530,370,33,480,513,320,60,125,260
273,E09000001,City of London,256,782000,62700,16.55,550000,30614,17.51,3,300,1540,4150,1540,,,,720,230,285,970
274,E07000085,East Hampshire,688,370000,35196,10.51,289000,25664,11.26,73,9040,24480,15660,5650,0,335,335,380,105,230,380
275,E07000080,Forest of Dean,535,233997.5,31041,7.54,175000,23202,7.54,74,17000,14570,6480,1080,0,62,62,230,50,115,215
276,E07000145,Great Yarmouth,1189,185000,27804,6.65,140000,21486,6.52,225,32840,12990,2550,280,0,339,339,230,15,105,190
277,E07000139,North Kesteven,511,200997.5,30602,6.57,160000,24228,6.6,62,26970,20190,5100,480,0,155,155,255,80,130,220
278,E06000024,North Somerset,1559,266000,34591,7.69,195000,22985,8.48,237,35020,40420,19240,3610,0,417,417,695,155,340,500
279,E08000022,North Tyneside,1620,170000,28938,5.87,120000,22465,5.34,243,66220,27740,5640,400,96,815,911,450,95,245,400
280,E06000057,Northumberland,2326,164000,29445,5.57,111500,21653,5.15,174,95740,37830,18350,4880,649,802,1451,805,140,385,775
281,W06000024,Merthyr Tydfil,1389.5,117000,25948,4.51,80500,21047,3.82,,,,,,219,199,418,,,,
282,E07000189,South Somerset,892.5,229725,29862,7.69,175000,22800,7.68,125,33720,28310,14850,2090,0,246,246,450,105,225,420
283,E07000031,South Lakeland,668,245000,29435,8.32,172000,20199,8.52,197,16030,22320,12300,3120,242,329,571,525,140,190,355
284,E07000141,South Kesteven,862,216995,27269,7.96,164000,20855,7.86,169,34600,20800,8820,1180,0,196,196,430,115,210,330
285,E07000241,Welwyn Hatfield,923,382500,33413,11.45,305000,24228,12.59,287,6690,28230,9910,4600,0,214,214,275,95,190,305
286,E06000033,Southend-on-Sea,1840,293500,33091,8.87,225000,24065,9.35,253,32970,37280,10400,1720,0,392,392,645,115,330,460
287,E07000116,Tunbridge Wells,799,390000,42601,9.15,285000,24443,11.66,120,8810,24280,11610,5900,0,236,236,430,115,240,370
288,E07000175,Newark Sherwood,927,180000,30679,5.87,130500,21355,6.11,62,32240,15200,6960,1580,0,82,82,375,60,150,310
289,E07000127,West Lancashire,700,184950,29833,6.2,137000,21364,6.41,32,23950,17380,7580,1740,28,385,413,305,75,165,255
290,E07000011,Huntingdonshire,846,280000,31150,8.99,215000,24150,8.9,210,33040,30840,13590,2060,0,655,655,430,115,250,505
291,W06000010,Carmarthenshire,1233,145000,29054,4.99,107000,22772,4.7,,,,,,0,458,458,,,,
292,E06000053,Isles of Scilly,6,297500,28400,16.96,255000,28400,16.96,0,40,350,610,150,,,,20,0,5,10
293,E07000205,Suffolk Coastal,762,,,,,,,,,,,,,,,,,,
294,E06000036,Bracknell Forest,706,345000,35445,9.73,275000,24644,11.16,178,6780,29100,13420,2760,0,159,159,230,85,155,280
295,E06000003,Redcar Cleveland,1091,132500,26912,4.92,94995,20424,4.65,118,40330,20130,4420,430,6,333,339,250,55,135,225
296,E06000004,Stockton-on-Tees,1591,148000,29495,5.02,106400,21755,4.89,625,52290,26150,8740,1530,49,609,658,385,95,230,385
297,E07000211,Reigate Banstead,1056,425000,40229,10.56,315000,28646,11,106,5170,30200,18640,8510,0,785,785,400,115,270,430
298,W06000001,Isle of Anglesey,510,185000,26887,6.88,129000,21018,6.14,,,,,,0,88,88,,,,
299,E07000035,Derbyshire Dales,368,265000,33163,7.99,190000,21912,8.67,55,10980,13250,8230,2240,0,85,85,300,70,125,230
300,E07000112,Folkestone Hythe,1125,265000,31690,8.36,200000,22098,9.05,98,19800,22450,7840,1980,147,248,395,325,70,155,235
301,E07000181,West Oxfordshire,505,345000,33113,10.42,270000,24742,10.91,76,7420,28480,11750,3230,0,190,190,355,115,180,405
302,E07000039,South Derbyshire,708,205000,34642,5.92,155000,25228,6.14,54,22540,16200,7150,1050,0,132,132,235,75,135,215
303,E09000002,Barking Dagenham,2033,320000,33241,9.63,285000,26069,10.93,340,18060,56730,2120,60,,,,685,115,345,310
304,E07000221,Stratford-on-Avon,834,315000,33352,9.44,235000,23318,10.08,141,11970,27760,16080,6540,0,127,127,455,150,230,515
305,E07000179,South Oxfordshire,613,390000,38602,10.1,307500,28325,10.86,93,7830,31960,16730,6910,0,674,674,430,145,275,565
306,E07000027,Barrow-in-Furness,783,126000,35139,3.59,85000,22727,3.74,64,25400,7150,1290,80,98,245,343,165,30,70,145
307,E07000219,Nuneaton Bedworth,1395,185000,28807,6.42,140500,21409,6.56,243,33950,20690,3560,210,0,373,373,315,55,125,225
308,E07000084,Basingstoke Deane,1018.333333,315000,37518,8.4,250000,25296,9.88,80,14990,42140,17510,3820,80,340,420,635,145,275,430
309,E07000115,Tonbridge Malling,811,350000,35997,9.72,275000,27195,10.11,57,5790,29750,14670,5300,78,483,561,295,115,220,310
310,E07000053,Weymouth Portland,147.1333333,,,,,,,,,,,,,,,,,,
311,W06000016,Rhondda Cynon Taf,1389.5,115000,27846,4.13,80000,20858,3.84,,,,,,0,370,370,,,,
312,W06000012,Neath Port Talbot,1218,122500,27116,4.52,89992.5,21151,4.25,,,,,,0,288,288,,,,
313,E07000132,Hinckley Bosworth,767,205000,29514,6.95,165000,23558,7,-51,24570,18500,6650,1130,0,147,147,320,90,155,285
314,E07000193,East Staffordshire,755,195500,29037,6.73,140000,22652,6.18,117,29630,15180,7150,1320,20,441,461,310,85,170,275
315,E07000242,East Hertfordshire,856,410000,40422,10.14,320000,28223,11.34,132,6960,32090,18930,6490,0,241,241,735,155,220,485
316,E09000013,Hammersmith Fulham,1692,765000,41262,18.54,500000,30044,16.64,273,10730,39420,26890,14470,,,,1035,265,390,1050
317,E06000040,Windsor Maidenhead,823,499475,43487,11.49,375000,29388,12.76,122,5970,26310,21700,11610,136,643,779,600,185,370,635
318,W06000014,Vale of Glamorgan ,950,227000,28869,7.86,161310,20061,8.04,,,,,,0,215,215,,,,
319,E09000020,Kensington Chelsea,1270,1265000,46568,27.16,740000,28084,26.35,262,5190,23570,25540,35080,,,,1230,270,495,1200
320,E07000218,North Warwickshire,536,210000,31392,6.69,157500,22990,6.85,26,14040,10170,3760,820,0,75,75,185,40,70,150
321,E06000010,Kingston upon Hull,4333,118500,25489,4.65,89000,19999,4.45,868,105840,15410,1700,100,218,1177,1395,625,115,285,475
322,E06000013,North Lincolnshire,1568,145000,28998,5,110000,20780,5.29,155,51450,18970,5460,560,3,419,422,410,100,220,430
323,E07000196,South Staffordshire,451,235000,35980,6.53,180950,26526,6.82,12,17570,18680,8860,2660,0,96,96,270,55,135,265
324,E07000099,North Hertfordshire,795,360000,39748,9.06,277000,28123,9.85,121,12490,30260,11930,3780,116,265,381,415,120,230,385
325,E08000021,Newcastle upon Tyne,3343,165000,28957,5.7,112500,21183,5.31,532,97750,28870,7350,1910,395,2597,2992,775,180,445,755
326,E07000009,East Cambridgeshire,335,300000,32743,9.16,230000,25116,9.16,103,16040,14900,6910,840,0,143,143,195,70,115,260
327,E07000180,Vale of White Horse,644,345000,37126,9.29,275000,25031,10.99,96,7980,31260,15760,4980,0,388,388,535,150,200,390
328,E07000195,Newcastle-under-Lyme,872,152500,29849,5.11,113000,21739,5.2,106,35120,16250,4570,1000,0,719,719,275,65,165,280
329,E07000012,South Cambridgeshire,478,375000,38726,9.68,285500,26946,10.6,124,10410,34350,19530,4960,10,863,873,370,150,315,415
330,E09000021,Kingston upon Thames,1116,492000,41264,11.92,377000,30795,12.24,78,4090,35900,23340,5250,,,,1105,170,355,520
331,E09000027,Richmond upon Thames,896,675000,50006,13.5,475000,33458,14.2,89,2760,34110,31860,16460,,,,855,275,515,1190
332,E06000056,Central Bedfordshire,1328,312000,36133,8.63,245500,25875,9.49,292,34890,59060,25740,5590,0,464,464,705,265,320,760
333,E07000152,East Northamptonshire,555,226995,32170,7.06,180000,25821,6.97,,20830,12290,6720,1640,0,92,92,245,85,120,205
334,E07000246,Somerset West Taunton,892.5,234000,29342,7.97,180000,21903,8.22,-51,31540,26530,13370,2450,0,235,235,445,105,295,445
335,E06000008,Blackburn with Darwen,1714,120000,24579,4.88,84000,19591,4.29,253,45220,13160,3060,650,163,932,1095,645,80,310,265
336,E06000050,Cheshire West Chester,3025,210000,31368,6.69,147500,22305,6.61,406,72700,53610,26740,8400,0,1182,1182,955,270,540,830
337,E07000038,North East Derbyshire,716,197250,28290,6.97,140000,21695,6.45,72,28420,12900,4690,940,0,169,169,225,70,110,175
338,E06000025,South Gloucestershire,1369,283000,31875,8.88,227950,23746,9.6,200,49590,51430,18970,2240,9,2088,2097,525,145,410,555
339,E07000155,South Northamptonshire,573.5,310000,31806,9.75,245000,25063,9.78,,11110,16990,10500,2660,0,262,262,250,100,140,325
340,E07000198,Staffordshire Moorlands,513,180000,29301,6.14,137500,20052,6.86,51,20240,16930,6360,800,0,69,69,230,45,125,205
341,E06000012,North East Lincolnshire,2168,135000,28767,4.69,95000,19722,4.82,412,56230,14120,3050,550,235,507,742,505,85,195,305
342,E07000146,King's Lynn West Norfolk,1089,225000,30940,7.27,175000,21080,8.3,134,42060,23380,7670,1240,0,235,235,425,85,150,290
343,E06000022,Bath North East Somerset,1020,325000,30438,10.68,250000,23817,10.5,87,28420,35170,15880,5480,0,456,456,565,145,335,600
344,E06000019,"Herefordshire, County of",1440,242500,28468,8.52,182000,21308,8.54,306,33550,30400,19240,3840,0,286,286,700,180,280,580
345,E06000011,East Riding of Yorkshire,2201,187500,31592,5.94,140000,22207,6.3,173,76650,55540,23290,3580,0,273,273,950,180,470,865
346,E07000134,North West Leicestershire,727,222500,29928,7.43,168500,22360,7.54,104,24280,14490,6510,990,,,,290,95,130,260
