,Local Authority name,Local Authority code
0,Adur,E07000223
1,Adur,E07000223
2,Adur,E07000223
3,Adur,E07000223
4,Adur,E07000223
5,Adur,E07000223
6,Adur,E07000223
7,Adur,E07000223
8,Adur,E07000223
9,Allerdale,E07000026
10,Allerdale,E07000026
11,Allerdale,E07000026
12,Allerdale,E07000026
13,Allerdale,E07000026
14,Allerdale,E07000026
15,Allerdale,E07000026
16,Allerdale,E07000026
17,Allerdale,E07000026
18,Amber Valley,E07000032
19,Amber Valley,E07000032
20,Amber Valley,E07000032
21,Amber Valley,E07000032
22,Amber Valley,E07000032
23,Amber Valley,E07000032
24,Amber Valley,E07000032
25,Amber Valley,E07000032
26,Amber Valley,E07000032
27,Arun,E07000224
28,Arun,E07000224
29,Arun,E07000224
30,Arun,E07000224
31,Arun,E07000224
32,Arun,E07000224
33,Arun,E07000224
34,Arun,E07000224
35,Arun,E07000224
36,Ashfield,E07000170
37,Ashfield,E07000170
38,Ashfield,E07000170
39,Ashfield,E07000170
40,Ashfield,E07000170
41,Ashfield,E07000170
42,Ashfield,E07000170
43,Ashfield,E07000170
44,Ashfield,E07000170
45,Ashford,E07000105
46,Ashford,E07000105
47,Ashford,E07000105
48,Ashford,E07000105
49,Ashford,E07000105
50,Ashford,E07000105
51,Ashford,E07000105
52,Ashford,E07000105
53,Ashford,E07000105
54,Babergh,E07000200
55,Babergh,E07000200
56,Babergh,E07000200
57,Babergh,E07000200
58,Babergh,E07000200
59,Babergh,E07000200
60,Babergh,E07000200
61,Babergh,E07000200
62,Babergh,E07000200
63,Barnet,E09000003
64,Barnet,E09000003
65,Barnet,E09000003
66,Barnet,E09000003
67,Barnet,E09000003
68,Barnet,E09000003
69,Barnet,E09000003
70,Barnet,E09000003
71,Barnet,E09000003
72,Barnsley,E08000016
73,Barnsley,E08000016
74,Barnsley,E08000016
75,Barnsley,E08000016
76,Barnsley,E08000016
77,Barnsley,E08000016
78,Barnsley,E08000016
79,Barnsley,E08000016
80,Barnsley,E08000016
81,Barrow-in-Furness,E07000027
82,Barrow-in-Furness,E07000027
83,Barrow-in-Furness,E07000027
84,Barrow-in-Furness,E07000027
85,Barrow-in-Furness,E07000027
86,Barrow-in-Furness,E07000027
87,Barrow-in-Furness,E07000027
88,Barrow-in-Furness,E07000027
89,Barrow-in-Furness,E07000027
90,Basildon,E07000066
91,Basildon,E07000066
92,Basildon,E07000066
93,Basildon,E07000066
94,Basildon,E07000066
95,Basildon,E07000066
96,Basildon,E07000066
97,Basildon,E07000066
98,Basildon,E07000066
99,Bassetlaw,E07000171
100,Bassetlaw,E07000171
101,Bassetlaw,E07000171
102,Bassetlaw,E07000171
103,Bassetlaw,E07000171
104,Bassetlaw,E07000171
105,Bassetlaw,E07000171
106,Bassetlaw,E07000171
107,Bassetlaw,E07000171
108,Bexley,E09000004
109,Bexley,E09000004
110,Bexley,E09000004
111,Bexley,E09000004
112,Bexley,E09000004
113,Bexley,E09000004
114,Bexley,E09000004
115,Bexley,E09000004
116,Bexley,E09000004
117,Birmingham,E08000025
118,Birmingham,E08000025
119,Birmingham,E08000025
120,Birmingham,E08000025
121,Birmingham,E08000025
122,Birmingham,E08000025
123,Birmingham,E08000025
124,Birmingham,E08000025
125,Birmingham,E08000025
126,Blaby,E07000129
127,Blaby,E07000129
128,Blaby,E07000129
129,Blaby,E07000129
130,Blaby,E07000129
131,Blaby,E07000129
132,Blaby,E07000129
133,Blaby,E07000129
134,Blaby,E07000129
135,Bolsover,E07000033
136,Bolsover,E07000033
137,Bolsover,E07000033
138,Bolsover,E07000033
139,Bolsover,E07000033
140,Bolsover,E07000033
141,Bolsover,E07000033
142,Bolsover,E07000033
143,Bolsover,E07000033
144,Bolton,E08000001
145,Bolton,E08000001
146,Bolton,E08000001
147,Bolton,E08000001
148,Bolton,E08000001
149,Bolton,E08000001
150,Bolton,E08000001
151,Bolton,E08000001
152,Bolton,E08000001
153,Boston,E07000136
154,Boston,E07000136
155,Boston,E07000136
156,Boston,E07000136
157,Boston,E07000136
158,Boston,E07000136
159,Boston,E07000136
160,Boston,E07000136
161,Boston,E07000136
162,Bradford,E08000032
163,Bradford,E08000032
164,Bradford,E08000032
165,Bradford,E08000032
166,Bradford,E08000032
167,Bradford,E08000032
168,Bradford,E08000032
169,Bradford,E08000032
170,Bradford,E08000032
171,Braintree,E07000067
172,Braintree,E07000067
173,Braintree,E07000067
174,Braintree,E07000067
175,Braintree,E07000067
176,Braintree,E07000067
177,Braintree,E07000067
178,Braintree,E07000067
179,Braintree,E07000067
180,Breckland,E07000143
181,Breckland,E07000143
182,Breckland,E07000143
183,Breckland,E07000143
184,Breckland,E07000143
185,Breckland,E07000143
186,Breckland,E07000143
187,Breckland,E07000143
188,Breckland,E07000143
189,Brent,E09000005
190,Brent,E09000005
191,Brent,E09000005
192,Brent,E09000005
193,Brent,E09000005
194,Brent,E09000005
195,Brent,E09000005
196,Brent,E09000005
197,Brent,E09000005
198,Brentwood,E07000068
199,Brentwood,E07000068
200,Brentwood,E07000068
201,Brentwood,E07000068
202,Brentwood,E07000068
203,Brentwood,E07000068
204,Brentwood,E07000068
205,Brentwood,E07000068
206,Brentwood,E07000068
207,Broadland,E07000144
208,Broadland,E07000144
209,Broadland,E07000144
210,Broadland,E07000144
211,Broadland,E07000144
212,Broadland,E07000144
213,Broadland,E07000144
214,Broadland,E07000144
215,Broadland,E07000144
216,Bromley,E09000006
217,Bromley,E09000006
218,Bromley,E09000006
219,Bromley,E09000006
220,Bromley,E09000006
221,Bromley,E09000006
222,Bromley,E09000006
223,Bromley,E09000006
224,Bromley,E09000006
225,Bromsgrove,E07000234
226,Bromsgrove,E07000234
227,Bromsgrove,E07000234
228,Bromsgrove,E07000234
229,Bromsgrove,E07000234
230,Bromsgrove,E07000234
231,Bromsgrove,E07000234
232,Bromsgrove,E07000234
233,Bromsgrove,E07000234
234,Broxbourne,E07000095
235,Broxbourne,E07000095
236,Broxbourne,E07000095
237,Broxbourne,E07000095
238,Broxbourne,E07000095
239,Broxbourne,E07000095
240,Broxbourne,E07000095
241,Broxbourne,E07000095
242,Broxbourne,E07000095
243,Broxtowe,E07000172
244,Broxtowe,E07000172
245,Broxtowe,E07000172
246,Broxtowe,E07000172
247,Broxtowe,E07000172
248,Broxtowe,E07000172
249,Broxtowe,E07000172
250,Broxtowe,E07000172
251,Broxtowe,E07000172
252,Burnley,E07000117
253,Burnley,E07000117
254,Burnley,E07000117
255,Burnley,E07000117
256,Burnley,E07000117
257,Burnley,E07000117
258,Burnley,E07000117
259,Burnley,E07000117
260,Burnley,E07000117
261,Bury,E08000002
262,Bury,E08000002
263,Bury,E08000002
264,Bury,E08000002
265,Bury,E08000002
266,Bury,E08000002
267,Bury,E08000002
268,Bury,E08000002
269,Bury,E08000002
270,Calderdale,E08000033
271,Calderdale,E08000033
272,Calderdale,E08000033
273,Calderdale,E08000033
274,Calderdale,E08000033
275,Calderdale,E08000033
276,Calderdale,E08000033
277,Calderdale,E08000033
278,Calderdale,E08000033
279,Cambridge,E07000008
280,Cambridge,E07000008
281,Cambridge,E07000008
282,Cambridge,E07000008
283,Cambridge,E07000008
284,Cambridge,E07000008
285,Cambridge,E07000008
286,Cambridge,E07000008
287,Cambridge,E07000008
288,Camden,E09000007
289,Camden,E09000007
290,Camden,E09000007
291,Camden,E09000007
292,Camden,E09000007
293,Camden,E09000007
294,Camden,E09000007
295,Camden,E09000007
296,Camden,E09000007
297,Cannock Chase,E07000192
298,Cannock Chase,E07000192
299,Cannock Chase,E07000192
300,Cannock Chase,E07000192
301,Cannock Chase,E07000192
302,Cannock Chase,E07000192
303,Cannock Chase,E07000192
304,Cannock Chase,E07000192
305,Cannock Chase,E07000192
306,Canterbury,E07000106
307,Canterbury,E07000106
308,Canterbury,E07000106
309,Canterbury,E07000106
310,Canterbury,E07000106
311,Canterbury,E07000106
312,Canterbury,E07000106
313,Canterbury,E07000106
314,Canterbury,E07000106
315,Carlisle,E07000028
316,Carlisle,E07000028
317,Carlisle,E07000028
318,Carlisle,E07000028
319,Carlisle,E07000028
320,Carlisle,E07000028
321,Carlisle,E07000028
322,Carlisle,E07000028
323,Carlisle,E07000028
324,Castle Point,E07000069
325,Castle Point,E07000069
326,Castle Point,E07000069
327,Castle Point,E07000069
328,Castle Point,E07000069
329,Castle Point,E07000069
330,Castle Point,E07000069
331,Castle Point,E07000069
332,Castle Point,E07000069
333,Charnwood,E07000130
334,Charnwood,E07000130
335,Charnwood,E07000130
336,Charnwood,E07000130
337,Charnwood,E07000130
338,Charnwood,E07000130
339,Charnwood,E07000130
340,Charnwood,E07000130
341,Charnwood,E07000130
342,Chelmsford,E07000070
343,Chelmsford,E07000070
344,Chelmsford,E07000070
345,Chelmsford,E07000070
346,Chelmsford,E07000070
347,Chelmsford,E07000070
348,Chelmsford,E07000070
349,Chelmsford,E07000070
350,Chelmsford,E07000070
351,Cheltenham,E07000078
352,Cheltenham,E07000078
353,Cheltenham,E07000078
354,Cheltenham,E07000078
355,Cheltenham,E07000078
356,Cheltenham,E07000078
357,Cheltenham,E07000078
358,Cheltenham,E07000078
359,Cheltenham,E07000078
360,Cherwell,E07000177
361,Cherwell,E07000177
362,Cherwell,E07000177
363,Cherwell,E07000177
364,Cherwell,E07000177
365,Cherwell,E07000177
366,Cherwell,E07000177
367,Cherwell,E07000177
368,Cherwell,E07000177
369,Chesterfield,E07000034
370,Chesterfield,E07000034
371,Chesterfield,E07000034
372,Chesterfield,E07000034
373,Chesterfield,E07000034
374,Chesterfield,E07000034
375,Chesterfield,E07000034
376,Chesterfield,E07000034
377,Chesterfield,E07000034
378,Chichester,E07000225
379,Chichester,E07000225
380,Chichester,E07000225
381,Chichester,E07000225
382,Chichester,E07000225
383,Chichester,E07000225
384,Chichester,E07000225
385,Chichester,E07000225
386,Chichester,E07000225
387,Chorley,E07000118
388,Chorley,E07000118
389,Chorley,E07000118
390,Chorley,E07000118
391,Chorley,E07000118
392,Chorley,E07000118
393,Chorley,E07000118
394,Chorley,E07000118
395,Chorley,E07000118
396,City of London,E09000001
397,City of London,E09000001
398,City of London,E09000001
399,City of London,E09000001
400,City of London,E09000001
401,City of London,E09000001
402,City of London,E09000001
403,City of London,E09000001
404,City of London,E09000001
405,Colchester,E07000071
406,Colchester,E07000071
407,Colchester,E07000071
408,Colchester,E07000071
409,Colchester,E07000071
410,Colchester,E07000071
411,Colchester,E07000071
412,Colchester,E07000071
413,Colchester,E07000071
414,Copeland,E07000029
415,Copeland,E07000029
416,Copeland,E07000029
417,Copeland,E07000029
418,Copeland,E07000029
419,Copeland,E07000029
420,Copeland,E07000029
421,Copeland,E07000029
422,Copeland,E07000029
423,Corby,E07000150
424,Corby,E07000150
425,Corby,E07000150
426,Corby,E07000150
427,Corby,E07000150
428,Corby,E07000150
429,Corby,E07000150
430,Corby,E07000150
431,Corby,E07000150
432,Cotswold,E07000079
433,Cotswold,E07000079
434,Cotswold,E07000079
435,Cotswold,E07000079
436,Cotswold,E07000079
437,Cotswold,E07000079
438,Cotswold,E07000079
439,Cotswold,E07000079
440,Cotswold,E07000079
441,Coventry,E08000026
442,Coventry,E08000026
443,Coventry,E08000026
444,Coventry,E08000026
445,Coventry,E08000026
446,Coventry,E08000026
447,Coventry,E08000026
448,Coventry,E08000026
449,Coventry,E08000026
450,Craven,E07000163
451,Craven,E07000163
452,Craven,E07000163
453,Craven,E07000163
454,Craven,E07000163
455,Craven,E07000163
456,Craven,E07000163
457,Craven,E07000163
458,Craven,E07000163
459,Crawley,E07000226
460,Crawley,E07000226
461,Crawley,E07000226
462,Crawley,E07000226
463,Crawley,E07000226
464,Crawley,E07000226
465,Crawley,E07000226
466,Crawley,E07000226
467,Crawley,E07000226
468,Croydon,E09000008
469,Croydon,E09000008
470,Croydon,E09000008
471,Croydon,E09000008
472,Croydon,E09000008
473,Croydon,E09000008
474,Croydon,E09000008
475,Croydon,E09000008
476,Croydon,E09000008
477,Dacorum,E07000096
478,Dacorum,E07000096
479,Dacorum,E07000096
480,Dacorum,E07000096
481,Dacorum,E07000096
482,Dacorum,E07000096
483,Dacorum,E07000096
484,Dacorum,E07000096
485,Dacorum,E07000096
486,Dartford,E07000107
487,Dartford,E07000107
488,Dartford,E07000107
489,Dartford,E07000107
490,Dartford,E07000107
491,Dartford,E07000107
492,Dartford,E07000107
493,Dartford,E07000107
494,Dartford,E07000107
495,Daventry,E07000151
496,Daventry,E07000151
497,Daventry,E07000151
498,Daventry,E07000151
499,Daventry,E07000151
500,Daventry,E07000151
501,Daventry,E07000151
502,Daventry,E07000151
503,Daventry,E07000151
504,Derbyshire Dales,E07000035
505,Derbyshire Dales,E07000035
506,Derbyshire Dales,E07000035
507,Derbyshire Dales,E07000035
508,Derbyshire Dales,E07000035
509,Derbyshire Dales,E07000035
510,Derbyshire Dales,E07000035
511,Derbyshire Dales,E07000035
512,Derbyshire Dales,E07000035
513,Doncaster,E08000017
514,Doncaster,E08000017
515,Doncaster,E08000017
516,Doncaster,E08000017
517,Doncaster,E08000017
518,Doncaster,E08000017
519,Doncaster,E08000017
520,Doncaster,E08000017
521,Doncaster,E08000017
522,Dover,E07000108
523,Dover,E07000108
524,Dover,E07000108
525,Dover,E07000108
526,Dover,E07000108
527,Dover,E07000108
528,Dover,E07000108
529,Dover,E07000108
530,Dover,E07000108
531,Dudley,E08000027
532,Dudley,E08000027
533,Dudley,E08000027
534,Dudley,E08000027
535,Dudley,E08000027
536,Dudley,E08000027
537,Dudley,E08000027
538,Dudley,E08000027
539,Dudley,E08000027
540,Ealing,E09000009
541,Ealing,E09000009
542,Ealing,E09000009
543,Ealing,E09000009
544,Ealing,E09000009
545,Ealing,E09000009
546,Ealing,E09000009
547,Ealing,E09000009
548,Ealing,E09000009
549,East Cambridgeshire,E07000009
550,East Cambridgeshire,E07000009
551,East Cambridgeshire,E07000009
552,East Cambridgeshire,E07000009
553,East Cambridgeshire,E07000009
554,East Cambridgeshire,E07000009
555,East Cambridgeshire,E07000009
556,East Cambridgeshire,E07000009
557,East Cambridgeshire,E07000009
558,East Devon,E07000040
559,East Devon,E07000040
560,East Devon,E07000040
561,East Devon,E07000040
562,East Devon,E07000040
563,East Devon,E07000040
564,East Devon,E07000040
565,East Devon,E07000040
566,East Devon,E07000040
567,East Hampshire,E07000085
568,East Hampshire,E07000085
569,East Hampshire,E07000085
570,East Hampshire,E07000085
571,East Hampshire,E07000085
572,East Hampshire,E07000085
573,East Hampshire,E07000085
574,East Hampshire,E07000085
575,East Hampshire,E07000085
576,East Hertfordshire,E07000242
577,East Hertfordshire,E07000242
578,East Hertfordshire,E07000242
579,East Hertfordshire,E07000242
580,East Hertfordshire,E07000242
581,East Hertfordshire,E07000242
582,East Hertfordshire,E07000242
583,East Hertfordshire,E07000242
584,East Hertfordshire,E07000242
585,East Lindsey,E07000137
586,East Lindsey,E07000137
587,East Lindsey,E07000137
588,East Lindsey,E07000137
589,East Lindsey,E07000137
590,East Lindsey,E07000137
591,East Lindsey,E07000137
592,East Lindsey,E07000137
593,East Lindsey,E07000137
594,East Northamptonshire,E07000152
595,East Northamptonshire,E07000152
596,East Northamptonshire,E07000152
597,East Northamptonshire,E07000152
598,East Northamptonshire,E07000152
599,East Northamptonshire,E07000152
600,East Northamptonshire,E07000152
601,East Northamptonshire,E07000152
602,East Northamptonshire,E07000152
603,East Staffordshire,E07000193
604,East Staffordshire,E07000193
605,East Staffordshire,E07000193
606,East Staffordshire,E07000193
607,East Staffordshire,E07000193
608,East Staffordshire,E07000193
609,East Staffordshire,E07000193
610,East Staffordshire,E07000193
611,East Staffordshire,E07000193
612,Eastbourne,E07000061
613,Eastbourne,E07000061
614,Eastbourne,E07000061
615,Eastbourne,E07000061
616,Eastbourne,E07000061
617,Eastbourne,E07000061
618,Eastbourne,E07000061
619,Eastbourne,E07000061
620,Eastbourne,E07000061
621,Eastleigh,E07000086
622,Eastleigh,E07000086
623,Eastleigh,E07000086
624,Eastleigh,E07000086
625,Eastleigh,E07000086
626,Eastleigh,E07000086
627,Eastleigh,E07000086
628,Eastleigh,E07000086
629,Eastleigh,E07000086
630,Eden,E07000030
631,Eden,E07000030
632,Eden,E07000030
633,Eden,E07000030
634,Eden,E07000030
635,Eden,E07000030
636,Eden,E07000030
637,Eden,E07000030
638,Eden,E07000030
639,Elmbridge,E07000207
640,Elmbridge,E07000207
641,Elmbridge,E07000207
642,Elmbridge,E07000207
643,Elmbridge,E07000207
644,Elmbridge,E07000207
645,Elmbridge,E07000207
646,Elmbridge,E07000207
647,Elmbridge,E07000207
648,Enfield,E09000010
649,Enfield,E09000010
650,Enfield,E09000010
651,Enfield,E09000010
652,Enfield,E09000010
653,Enfield,E09000010
654,Enfield,E09000010
655,Enfield,E09000010
656,Enfield,E09000010
657,Epping Forest,E07000072
658,Epping Forest,E07000072
659,Epping Forest,E07000072
660,Epping Forest,E07000072
661,Epping Forest,E07000072
662,Epping Forest,E07000072
663,Epping Forest,E07000072
664,Epping Forest,E07000072
665,Epping Forest,E07000072
666,Erewash,E07000036
667,Erewash,E07000036
668,Erewash,E07000036
669,Erewash,E07000036
670,Erewash,E07000036
671,Erewash,E07000036
672,Erewash,E07000036
673,Erewash,E07000036
674,Erewash,E07000036
675,Exeter,E07000041
676,Exeter,E07000041
677,Exeter,E07000041
678,Exeter,E07000041
679,Exeter,E07000041
680,Exeter,E07000041
681,Exeter,E07000041
682,Exeter,E07000041
683,Exeter,E07000041
684,Fareham,E07000087
685,Fareham,E07000087
686,Fareham,E07000087
687,Fareham,E07000087
688,Fareham,E07000087
689,Fareham,E07000087
690,Fareham,E07000087
691,Fareham,E07000087
692,Fareham,E07000087
693,Fenland,E07000010
694,Fenland,E07000010
695,Fenland,E07000010
696,Fenland,E07000010
697,Fenland,E07000010
698,Fenland,E07000010
699,Fenland,E07000010
700,Fenland,E07000010
701,Fenland,E07000010
702,Forest of Dean,E07000080
703,Forest of Dean,E07000080
704,Forest of Dean,E07000080
705,Forest of Dean,E07000080
706,Forest of Dean,E07000080
707,Forest of Dean,E07000080
708,Forest of Dean,E07000080
709,Forest of Dean,E07000080
710,Forest of Dean,E07000080
711,Fylde,E07000119
712,Fylde,E07000119
713,Fylde,E07000119
714,Fylde,E07000119
715,Fylde,E07000119
716,Fylde,E07000119
717,Fylde,E07000119
718,Fylde,E07000119
719,Fylde,E07000119
720,Gateshead,E08000037
721,Gateshead,E08000037
722,Gateshead,E08000037
723,Gateshead,E08000037
724,Gateshead,E08000037
725,Gateshead,E08000037
726,Gateshead,E08000037
727,Gateshead,E08000037
728,Gateshead,E08000037
729,Gedling,E07000173
730,Gedling,E07000173
731,Gedling,E07000173
732,Gedling,E07000173
733,Gedling,E07000173
734,Gedling,E07000173
735,Gedling,E07000173
736,Gedling,E07000173
737,Gedling,E07000173
738,Gloucester,E07000081
739,Gloucester,E07000081
740,Gloucester,E07000081
741,Gloucester,E07000081
742,Gloucester,E07000081
743,Gloucester,E07000081
744,Gloucester,E07000081
745,Gloucester,E07000081
746,Gloucester,E07000081
747,Gosport,E07000088
748,Gosport,E07000088
749,Gosport,E07000088
750,Gosport,E07000088
751,Gosport,E07000088
752,Gosport,E07000088
753,Gosport,E07000088
754,Gosport,E07000088
755,Gosport,E07000088
756,Gravesham,E07000109
757,Gravesham,E07000109
758,Gravesham,E07000109
759,Gravesham,E07000109
760,Gravesham,E07000109
761,Gravesham,E07000109
762,Gravesham,E07000109
763,Gravesham,E07000109
764,Gravesham,E07000109
765,Great Yarmouth,E07000145
766,Great Yarmouth,E07000145
767,Great Yarmouth,E07000145
768,Great Yarmouth,E07000145
769,Great Yarmouth,E07000145
770,Great Yarmouth,E07000145
771,Great Yarmouth,E07000145
772,Great Yarmouth,E07000145
773,Great Yarmouth,E07000145
774,Greenwich,E09000011
775,Greenwich,E09000011
776,Greenwich,E09000011
777,Greenwich,E09000011
778,Greenwich,E09000011
779,Greenwich,E09000011
780,Greenwich,E09000011
781,Greenwich,E09000011
782,Greenwich,E09000011
783,Guildford,E07000209
784,Guildford,E07000209
785,Guildford,E07000209
786,Guildford,E07000209
787,Guildford,E07000209
788,Guildford,E07000209
789,Guildford,E07000209
790,Guildford,E07000209
791,Guildford,E07000209
792,Hackney,E09000012
793,Hackney,E09000012
794,Hackney,E09000012
795,Hackney,E09000012
796,Hackney,E09000012
797,Hackney,E09000012
798,Hackney,E09000012
799,Hackney,E09000012
800,Hackney,E09000012
801,Hambleton,E07000164
802,Hambleton,E07000164
803,Hambleton,E07000164
804,Hambleton,E07000164
805,Hambleton,E07000164
806,Hambleton,E07000164
807,Hambleton,E07000164
808,Hambleton,E07000164
809,Hambleton,E07000164
810,Harborough,E07000131
811,Harborough,E07000131
812,Harborough,E07000131
813,Harborough,E07000131
814,Harborough,E07000131
815,Harborough,E07000131
816,Harborough,E07000131
817,Harborough,E07000131
818,Harborough,E07000131
819,Haringey,E09000014
820,Haringey,E09000014
821,Haringey,E09000014
822,Haringey,E09000014
823,Haringey,E09000014
824,Haringey,E09000014
825,Haringey,E09000014
826,Haringey,E09000014
827,Haringey,E09000014
828,Harlow,E07000073
829,Harlow,E07000073
830,Harlow,E07000073
831,Harlow,E07000073
832,Harlow,E07000073
833,Harlow,E07000073
834,Harlow,E07000073
835,Harlow,E07000073
836,Harlow,E07000073
837,Harrogate,E07000165
838,Harrogate,E07000165
839,Harrogate,E07000165
840,Harrogate,E07000165
841,Harrogate,E07000165
842,Harrogate,E07000165
843,Harrogate,E07000165
844,Harrogate,E07000165
845,Harrogate,E07000165
846,Harrow,E09000015
847,Harrow,E09000015
848,Harrow,E09000015
849,Harrow,E09000015
850,Harrow,E09000015
851,Harrow,E09000015
852,Harrow,E09000015
853,Harrow,E09000015
854,Harrow,E09000015
855,Hart,E07000089
856,Hart,E07000089
857,Hart,E07000089
858,Hart,E07000089
859,Hart,E07000089
860,Hart,E07000089
861,Hart,E07000089
862,Hart,E07000089
863,Hart,E07000089
864,Hastings,E07000062
865,Hastings,E07000062
866,Hastings,E07000062
867,Hastings,E07000062
868,Hastings,E07000062
869,Hastings,E07000062
870,Hastings,E07000062
871,Hastings,E07000062
872,Hastings,E07000062
873,Havant,E07000090
874,Havant,E07000090
875,Havant,E07000090
876,Havant,E07000090
877,Havant,E07000090
878,Havant,E07000090
879,Havant,E07000090
880,Havant,E07000090
881,Havant,E07000090
882,Havering,E09000016
883,Havering,E09000016
884,Havering,E09000016
885,Havering,E09000016
886,Havering,E09000016
887,Havering,E09000016
888,Havering,E09000016
889,Havering,E09000016
890,Havering,E09000016
891,Hertsmere,E07000098
892,Hertsmere,E07000098
893,Hertsmere,E07000098
894,Hertsmere,E07000098
895,Hertsmere,E07000098
896,Hertsmere,E07000098
897,Hertsmere,E07000098
898,Hertsmere,E07000098
899,Hertsmere,E07000098
900,High Peak,E07000037
901,High Peak,E07000037
902,High Peak,E07000037
903,High Peak,E07000037
904,High Peak,E07000037
905,High Peak,E07000037
906,High Peak,E07000037
907,High Peak,E07000037
908,High Peak,E07000037
909,Hillingdon,E09000017
910,Hillingdon,E09000017
911,Hillingdon,E09000017
912,Hillingdon,E09000017
913,Hillingdon,E09000017
914,Hillingdon,E09000017
915,Hillingdon,E09000017
916,Hillingdon,E09000017
917,Hillingdon,E09000017
918,Horsham,E07000227
919,Horsham,E07000227
920,Horsham,E07000227
921,Horsham,E07000227
922,Horsham,E07000227
923,Horsham,E07000227
924,Horsham,E07000227
925,Horsham,E07000227
926,Horsham,E07000227
927,Hounslow,E09000018
928,Hounslow,E09000018
929,Hounslow,E09000018
930,Hounslow,E09000018
931,Hounslow,E09000018
932,Hounslow,E09000018
933,Hounslow,E09000018
934,Hounslow,E09000018
935,Hounslow,E09000018
936,Huntingdonshire,E07000011
937,Huntingdonshire,E07000011
938,Huntingdonshire,E07000011
939,Huntingdonshire,E07000011
940,Huntingdonshire,E07000011
941,Huntingdonshire,E07000011
942,Huntingdonshire,E07000011
943,Huntingdonshire,E07000011
944,Huntingdonshire,E07000011
945,Hyndburn,E07000120
946,Hyndburn,E07000120
947,Hyndburn,E07000120
948,Hyndburn,E07000120
949,Hyndburn,E07000120
950,Hyndburn,E07000120
951,Hyndburn,E07000120
952,Hyndburn,E07000120
953,Hyndburn,E07000120
954,Ipswich,E07000202
955,Ipswich,E07000202
956,Ipswich,E07000202
957,Ipswich,E07000202
958,Ipswich,E07000202
959,Ipswich,E07000202
960,Ipswich,E07000202
961,Ipswich,E07000202
962,Ipswich,E07000202
963,Islington,E09000019
964,Islington,E09000019
965,Islington,E09000019
966,Islington,E09000019
967,Islington,E09000019
968,Islington,E09000019
969,Islington,E09000019
970,Islington,E09000019
971,Islington,E09000019
972,Kettering,E07000153
973,Kettering,E07000153
974,Kettering,E07000153
975,Kettering,E07000153
976,Kettering,E07000153
977,Kettering,E07000153
978,Kettering,E07000153
979,Kettering,E07000153
980,Kettering,E07000153
981,Kingston upon Thames,E09000021
982,Kingston upon Thames,E09000021
983,Kingston upon Thames,E09000021
984,Kingston upon Thames,E09000021
985,Kingston upon Thames,E09000021
986,Kingston upon Thames,E09000021
987,Kingston upon Thames,E09000021
988,Kingston upon Thames,E09000021
989,Kingston upon Thames,E09000021
990,Kirklees,E08000034
991,Kirklees,E08000034
992,Kirklees,E08000034
993,Kirklees,E08000034
994,Kirklees,E08000034
995,Kirklees,E08000034
996,Kirklees,E08000034
997,Kirklees,E08000034
998,Kirklees,E08000034
999,Knowsley,E08000011
1000,Knowsley,E08000011
1001,Knowsley,E08000011
1002,Knowsley,E08000011
1003,Knowsley,E08000011
1004,Knowsley,E08000011
1005,Knowsley,E08000011
1006,Knowsley,E08000011
1007,Knowsley,E08000011
1008,Lambeth,E09000022
1009,Lambeth,E09000022
1010,Lambeth,E09000022
1011,Lambeth,E09000022
1012,Lambeth,E09000022
1013,Lambeth,E09000022
1014,Lambeth,E09000022
1015,Lambeth,E09000022
1016,Lambeth,E09000022
1017,Lancaster,E07000121
1018,Lancaster,E07000121
1019,Lancaster,E07000121
1020,Lancaster,E07000121
1021,Lancaster,E07000121
1022,Lancaster,E07000121
1023,Lancaster,E07000121
1024,Lancaster,E07000121
1025,Lancaster,E07000121
1026,Leeds,E08000035
1027,Leeds,E08000035
1028,Leeds,E08000035
1029,Leeds,E08000035
1030,Leeds,E08000035
1031,Leeds,E08000035
1032,Leeds,E08000035
1033,Leeds,E08000035
1034,Leeds,E08000035
1035,Lewes,E07000063
1036,Lewes,E07000063
1037,Lewes,E07000063
1038,Lewes,E07000063
1039,Lewes,E07000063
1040,Lewes,E07000063
1041,Lewes,E07000063
1042,Lewes,E07000063
1043,Lewes,E07000063
1044,Lewisham,E09000023
1045,Lewisham,E09000023
1046,Lewisham,E09000023
1047,Lewisham,E09000023
1048,Lewisham,E09000023
1049,Lewisham,E09000023
1050,Lewisham,E09000023
1051,Lewisham,E09000023
1052,Lewisham,E09000023
1053,Lichfield,E07000194
1054,Lichfield,E07000194
1055,Lichfield,E07000194
1056,Lichfield,E07000194
1057,Lichfield,E07000194
1058,Lichfield,E07000194
1059,Lichfield,E07000194
1060,Lichfield,E07000194
1061,Lichfield,E07000194
1062,Lincoln,E07000138
1063,Lincoln,E07000138
1064,Lincoln,E07000138
1065,Lincoln,E07000138
1066,Lincoln,E07000138
1067,Lincoln,E07000138
1068,Lincoln,E07000138
1069,Lincoln,E07000138
1070,Lincoln,E07000138
1071,Liverpool,E08000012
1072,Liverpool,E08000012
1073,Liverpool,E08000012
1074,Liverpool,E08000012
1075,Liverpool,E08000012
1076,Liverpool,E08000012
1077,Liverpool,E08000012
1078,Liverpool,E08000012
1079,Liverpool,E08000012
1080,Maidstone,E07000110
1081,Maidstone,E07000110
1082,Maidstone,E07000110
1083,Maidstone,E07000110
1084,Maidstone,E07000110
1085,Maidstone,E07000110
1086,Maidstone,E07000110
1087,Maidstone,E07000110
1088,Maidstone,E07000110
1089,Maldon,E07000074
1090,Maldon,E07000074
1091,Maldon,E07000074
1092,Maldon,E07000074
1093,Maldon,E07000074
1094,Maldon,E07000074
1095,Maldon,E07000074
1096,Maldon,E07000074
1097,Maldon,E07000074
1098,Malvern Hills,E07000235
1099,Malvern Hills,E07000235
1100,Malvern Hills,E07000235
1101,Malvern Hills,E07000235
1102,Malvern Hills,E07000235
1103,Malvern Hills,E07000235
1104,Malvern Hills,E07000235
1105,Malvern Hills,E07000235
1106,Malvern Hills,E07000235
1107,Manchester,E08000003
1108,Manchester,E08000003
1109,Manchester,E08000003
1110,Manchester,E08000003
1111,Manchester,E08000003
1112,Manchester,E08000003
1113,Manchester,E08000003
1114,Manchester,E08000003
1115,Manchester,E08000003
1116,Mansfield,E07000174
1117,Mansfield,E07000174
1118,Mansfield,E07000174
1119,Mansfield,E07000174
1120,Mansfield,E07000174
1121,Mansfield,E07000174
1122,Mansfield,E07000174
1123,Mansfield,E07000174
1124,Mansfield,E07000174
1125,Melton,E07000133
1126,Melton,E07000133
1127,Melton,E07000133
1128,Melton,E07000133
1129,Melton,E07000133
1130,Melton,E07000133
1131,Melton,E07000133
1132,Melton,E07000133
1133,Melton,E07000133
1134,Mendip,E07000187
1135,Mendip,E07000187
1136,Mendip,E07000187
1137,Mendip,E07000187
1138,Mendip,E07000187
1139,Mendip,E07000187
1140,Mendip,E07000187
1141,Mendip,E07000187
1142,Mendip,E07000187
1143,Merton,E09000024
1144,Merton,E09000024
1145,Merton,E09000024
1146,Merton,E09000024
1147,Merton,E09000024
1148,Merton,E09000024
1149,Merton,E09000024
1150,Merton,E09000024
1151,Merton,E09000024
1152,Mid Devon,E07000042
1153,Mid Devon,E07000042
1154,Mid Devon,E07000042
1155,Mid Devon,E07000042
1156,Mid Devon,E07000042
1157,Mid Devon,E07000042
1158,Mid Devon,E07000042
1159,Mid Devon,E07000042
1160,Mid Devon,E07000042
1161,Mid Suffolk,E07000203
1162,Mid Suffolk,E07000203
1163,Mid Suffolk,E07000203
1164,Mid Suffolk,E07000203
1165,Mid Suffolk,E07000203
1166,Mid Suffolk,E07000203
1167,Mid Suffolk,E07000203
1168,Mid Suffolk,E07000203
1169,Mid Suffolk,E07000203
1170,Mid Sussex,E07000228
1171,Mid Sussex,E07000228
1172,Mid Sussex,E07000228
1173,Mid Sussex,E07000228
1174,Mid Sussex,E07000228
1175,Mid Sussex,E07000228
1176,Mid Sussex,E07000228
1177,Mid Sussex,E07000228
1178,Mid Sussex,E07000228
1179,Mole Valley,E07000210
1180,Mole Valley,E07000210
1181,Mole Valley,E07000210
1182,Mole Valley,E07000210
1183,Mole Valley,E07000210
1184,Mole Valley,E07000210
1185,Mole Valley,E07000210
1186,Mole Valley,E07000210
1187,Mole Valley,E07000210
1188,New Forest,E07000091
1189,New Forest,E07000091
1190,New Forest,E07000091
1191,New Forest,E07000091
1192,New Forest,E07000091
1193,New Forest,E07000091
1194,New Forest,E07000091
1195,New Forest,E07000091
1196,New Forest,E07000091
1197,Newcastle upon Tyne,E08000021
1198,Newcastle upon Tyne,E08000021
1199,Newcastle upon Tyne,E08000021
1200,Newcastle upon Tyne,E08000021
1201,Newcastle upon Tyne,E08000021
1202,Newcastle upon Tyne,E08000021
1203,Newcastle upon Tyne,E08000021
1204,Newcastle upon Tyne,E08000021
1205,Newcastle upon Tyne,E08000021
1206,Newcastle-under-Lyme,E07000195
1207,Newcastle-under-Lyme,E07000195
1208,Newcastle-under-Lyme,E07000195
1209,Newcastle-under-Lyme,E07000195
1210,Newcastle-under-Lyme,E07000195
1211,Newcastle-under-Lyme,E07000195
1212,Newcastle-under-Lyme,E07000195
1213,Newcastle-under-Lyme,E07000195
1214,Newcastle-under-Lyme,E07000195
1215,Newham,E09000025
1216,Newham,E09000025
1217,Newham,E09000025
1218,Newham,E09000025
1219,Newham,E09000025
1220,Newham,E09000025
1221,Newham,E09000025
1222,Newham,E09000025
1223,Newham,E09000025
1224,North East Derbyshire,E07000038
1225,North East Derbyshire,E07000038
1226,North East Derbyshire,E07000038
1227,North East Derbyshire,E07000038
1228,North East Derbyshire,E07000038
1229,North East Derbyshire,E07000038
1230,North East Derbyshire,E07000038
1231,North East Derbyshire,E07000038
1232,North East Derbyshire,E07000038
1233,North Hertfordshire,E07000099
1234,North Hertfordshire,E07000099
1235,North Hertfordshire,E07000099
1236,North Hertfordshire,E07000099
1237,North Hertfordshire,E07000099
1238,North Hertfordshire,E07000099
1239,North Hertfordshire,E07000099
1240,North Hertfordshire,E07000099
1241,North Hertfordshire,E07000099
1242,North Kesteven,E07000139
1243,North Kesteven,E07000139
1244,North Kesteven,E07000139
1245,North Kesteven,E07000139
1246,North Kesteven,E07000139
1247,North Kesteven,E07000139
1248,North Kesteven,E07000139
1249,North Kesteven,E07000139
1250,North Kesteven,E07000139
1251,North Norfolk,E07000147
1252,North Norfolk,E07000147
1253,North Norfolk,E07000147
1254,North Norfolk,E07000147
1255,North Norfolk,E07000147
1256,North Norfolk,E07000147
1257,North Norfolk,E07000147
1258,North Norfolk,E07000147
1259,North Norfolk,E07000147
1260,North Tyneside,E08000022
1261,North Tyneside,E08000022
1262,North Tyneside,E08000022
1263,North Tyneside,E08000022
1264,North Tyneside,E08000022
1265,North Tyneside,E08000022
1266,North Tyneside,E08000022
1267,North Tyneside,E08000022
1268,North Tyneside,E08000022
1269,North Warwickshire,E07000218
1270,North Warwickshire,E07000218
1271,North Warwickshire,E07000218
1272,North Warwickshire,E07000218
1273,North Warwickshire,E07000218
1274,North Warwickshire,E07000218
1275,North Warwickshire,E07000218
1276,North Warwickshire,E07000218
1277,North Warwickshire,E07000218
1278,North West Leicestershire,E07000134
1279,North West Leicestershire,E07000134
1280,North West Leicestershire,E07000134
1281,North West Leicestershire,E07000134
1282,North West Leicestershire,E07000134
1283,North West Leicestershire,E07000134
1284,North West Leicestershire,E07000134
1285,North West Leicestershire,E07000134
1286,North West Leicestershire,E07000134
1287,Northampton,E07000154
1288,Northampton,E07000154
1289,Northampton,E07000154
1290,Northampton,E07000154
1291,Northampton,E07000154
1292,Northampton,E07000154
1293,Northampton,E07000154
1294,Northampton,E07000154
1295,Northampton,E07000154
1296,Norwich,E07000148
1297,Norwich,E07000148
1298,Norwich,E07000148
1299,Norwich,E07000148
1300,Norwich,E07000148
1301,Norwich,E07000148
1302,Norwich,E07000148
1303,Norwich,E07000148
1304,Norwich,E07000148
1305,Oldham,E08000004
1306,Oldham,E08000004
1307,Oldham,E08000004
1308,Oldham,E08000004
1309,Oldham,E08000004
1310,Oldham,E08000004
1311,Oldham,E08000004
1312,Oldham,E08000004
1313,Oldham,E08000004
1314,Oxford,E07000178
1315,Oxford,E07000178
1316,Oxford,E07000178
1317,Oxford,E07000178
1318,Oxford,E07000178
1319,Oxford,E07000178
1320,Oxford,E07000178
1321,Oxford,E07000178
1322,Oxford,E07000178
1323,Pendle,E07000122
1324,Pendle,E07000122
1325,Pendle,E07000122
1326,Pendle,E07000122
1327,Pendle,E07000122
1328,Pendle,E07000122
1329,Pendle,E07000122
1330,Pendle,E07000122
1331,Pendle,E07000122
1332,Preston,E07000123
1333,Preston,E07000123
1334,Preston,E07000123
1335,Preston,E07000123
1336,Preston,E07000123
1337,Preston,E07000123
1338,Preston,E07000123
1339,Preston,E07000123
1340,Preston,E07000123
1341,Redbridge,E09000026
1342,Redbridge,E09000026
1343,Redbridge,E09000026
1344,Redbridge,E09000026
1345,Redbridge,E09000026
1346,Redbridge,E09000026
1347,Redbridge,E09000026
1348,Redbridge,E09000026
1349,Redbridge,E09000026
1350,Redditch,E07000236
1351,Redditch,E07000236
1352,Redditch,E07000236
1353,Redditch,E07000236
1354,Redditch,E07000236
1355,Redditch,E07000236
1356,Redditch,E07000236
1357,Redditch,E07000236
1358,Redditch,E07000236
1359,Ribble Valley,E07000124
1360,Ribble Valley,E07000124
1361,Ribble Valley,E07000124
1362,Ribble Valley,E07000124
1363,Ribble Valley,E07000124
1364,Ribble Valley,E07000124
1365,Ribble Valley,E07000124
1366,Ribble Valley,E07000124
1367,Ribble Valley,E07000124
1368,Richmond upon Thames,E09000027
1369,Richmond upon Thames,E09000027
1370,Richmond upon Thames,E09000027
1371,Richmond upon Thames,E09000027
1372,Richmond upon Thames,E09000027
1373,Richmond upon Thames,E09000027
1374,Richmond upon Thames,E09000027
1375,Richmond upon Thames,E09000027
1376,Richmond upon Thames,E09000027
1377,Richmondshire,E07000166
1378,Richmondshire,E07000166
1379,Richmondshire,E07000166
1380,Richmondshire,E07000166
1381,Richmondshire,E07000166
1382,Richmondshire,E07000166
1383,Richmondshire,E07000166
1384,Richmondshire,E07000166
1385,Richmondshire,E07000166
1386,Rochdale,E08000005
1387,Rochdale,E08000005
1388,Rochdale,E08000005
1389,Rochdale,E08000005
1390,Rochdale,E08000005
1391,Rochdale,E08000005
1392,Rochdale,E08000005
1393,Rochdale,E08000005
1394,Rochdale,E08000005
1395,Rochford,E07000075
1396,Rochford,E07000075
1397,Rochford,E07000075
1398,Rochford,E07000075
1399,Rochford,E07000075
1400,Rochford,E07000075
1401,Rochford,E07000075
1402,Rochford,E07000075
1403,Rochford,E07000075
1404,Rossendale,E07000125
1405,Rossendale,E07000125
1406,Rossendale,E07000125
1407,Rossendale,E07000125
1408,Rossendale,E07000125
1409,Rossendale,E07000125
1410,Rossendale,E07000125
1411,Rossendale,E07000125
1412,Rossendale,E07000125
1413,Rother,E07000064
1414,Rother,E07000064
1415,Rother,E07000064
1416,Rother,E07000064
1417,Rother,E07000064
1418,Rother,E07000064
1419,Rother,E07000064
1420,Rother,E07000064
1421,Rother,E07000064
1422,Rotherham,E08000018
1423,Rotherham,E08000018
1424,Rotherham,E08000018
1425,Rotherham,E08000018
1426,Rotherham,E08000018
1427,Rotherham,E08000018
1428,Rotherham,E08000018
1429,Rotherham,E08000018
1430,Rotherham,E08000018
1431,Rugby,E07000220
1432,Rugby,E07000220
1433,Rugby,E07000220
1434,Rugby,E07000220
1435,Rugby,E07000220
1436,Rugby,E07000220
1437,Rugby,E07000220
1438,Rugby,E07000220
1439,Rugby,E07000220
1440,Runnymede,E07000212
1441,Runnymede,E07000212
1442,Runnymede,E07000212
1443,Runnymede,E07000212
1444,Runnymede,E07000212
1445,Runnymede,E07000212
1446,Runnymede,E07000212
1447,Runnymede,E07000212
1448,Runnymede,E07000212
1449,Rushcliffe,E07000176
1450,Rushcliffe,E07000176
1451,Rushcliffe,E07000176
1452,Rushcliffe,E07000176
1453,Rushcliffe,E07000176
1454,Rushcliffe,E07000176
1455,Rushcliffe,E07000176
1456,Rushcliffe,E07000176
1457,Rushcliffe,E07000176
1458,Rushmoor,E07000092
1459,Rushmoor,E07000092
1460,Rushmoor,E07000092
1461,Rushmoor,E07000092
1462,Rushmoor,E07000092
1463,Rushmoor,E07000092
1464,Rushmoor,E07000092
1465,Rushmoor,E07000092
1466,Rushmoor,E07000092
1467,Ryedale,E07000167
1468,Ryedale,E07000167
1469,Ryedale,E07000167
1470,Ryedale,E07000167
1471,Ryedale,E07000167
1472,Ryedale,E07000167
1473,Ryedale,E07000167
1474,Ryedale,E07000167
1475,Ryedale,E07000167
1476,Salford,E08000006
1477,Salford,E08000006
1478,Salford,E08000006
1479,Salford,E08000006
1480,Salford,E08000006
1481,Salford,E08000006
1482,Salford,E08000006
1483,Salford,E08000006
1484,Salford,E08000006
1485,Sandwell,E08000028
1486,Sandwell,E08000028
1487,Sandwell,E08000028
1488,Sandwell,E08000028
1489,Sandwell,E08000028
1490,Sandwell,E08000028
1491,Sandwell,E08000028
1492,Sandwell,E08000028
1493,Sandwell,E08000028
1494,Scarborough,E07000168
1495,Scarborough,E07000168
1496,Scarborough,E07000168
1497,Scarborough,E07000168
1498,Scarborough,E07000168
1499,Scarborough,E07000168
1500,Scarborough,E07000168
1501,Scarborough,E07000168
1502,Scarborough,E07000168
1503,Sedgemoor,E07000188
1504,Sedgemoor,E07000188
1505,Sedgemoor,E07000188
1506,Sedgemoor,E07000188
1507,Sedgemoor,E07000188
1508,Sedgemoor,E07000188
1509,Sedgemoor,E07000188
1510,Sedgemoor,E07000188
1511,Sedgemoor,E07000188
1512,Sefton,E08000014
1513,Sefton,E08000014
1514,Sefton,E08000014
1515,Sefton,E08000014
1516,Sefton,E08000014
1517,Sefton,E08000014
1518,Sefton,E08000014
1519,Sefton,E08000014
1520,Sefton,E08000014
1521,Selby,E07000169
1522,Selby,E07000169
1523,Selby,E07000169
1524,Selby,E07000169
1525,Selby,E07000169
1526,Selby,E07000169
1527,Selby,E07000169
1528,Selby,E07000169
1529,Selby,E07000169
1530,Sevenoaks,E07000111
1531,Sevenoaks,E07000111
1532,Sevenoaks,E07000111
1533,Sevenoaks,E07000111
1534,Sevenoaks,E07000111
1535,Sevenoaks,E07000111
1536,Sevenoaks,E07000111
1537,Sevenoaks,E07000111
1538,Sevenoaks,E07000111
1539,Sheffield,E08000019
1540,Sheffield,E08000019
1541,Sheffield,E08000019
1542,Sheffield,E08000019
1543,Sheffield,E08000019
1544,Sheffield,E08000019
1545,Sheffield,E08000019
1546,Sheffield,E08000019
1547,Sheffield,E08000019
1548,Solihull,E08000029
1549,Solihull,E08000029
1550,Solihull,E08000029
1551,Solihull,E08000029
1552,Solihull,E08000029
1553,Solihull,E08000029
1554,Solihull,E08000029
1555,Solihull,E08000029
1556,Solihull,E08000029
1557,South Cambridgeshire,E07000012
1558,South Cambridgeshire,E07000012
1559,South Cambridgeshire,E07000012
1560,South Cambridgeshire,E07000012
1561,South Cambridgeshire,E07000012
1562,South Cambridgeshire,E07000012
1563,South Cambridgeshire,E07000012
1564,South Cambridgeshire,E07000012
1565,South Cambridgeshire,E07000012
1566,South Derbyshire,E07000039
1567,South Derbyshire,E07000039
1568,South Derbyshire,E07000039
1569,South Derbyshire,E07000039
1570,South Derbyshire,E07000039
1571,South Derbyshire,E07000039
1572,South Derbyshire,E07000039
1573,South Derbyshire,E07000039
1574,South Derbyshire,E07000039
1575,South Hams,E07000044
1576,South Hams,E07000044
1577,South Hams,E07000044
1578,South Hams,E07000044
1579,South Hams,E07000044
1580,South Hams,E07000044
1581,South Hams,E07000044
1582,South Hams,E07000044
1583,South Hams,E07000044
1584,South Holland,E07000140
1585,South Holland,E07000140
1586,South Holland,E07000140
1587,South Holland,E07000140
1588,South Holland,E07000140
1589,South Holland,E07000140
1590,South Holland,E07000140
1591,South Holland,E07000140
1592,South Holland,E07000140
1593,South Kesteven,E07000141
1594,South Kesteven,E07000141
1595,South Kesteven,E07000141
1596,South Kesteven,E07000141
1597,South Kesteven,E07000141
1598,South Kesteven,E07000141
1599,South Kesteven,E07000141
1600,South Kesteven,E07000141
1601,South Kesteven,E07000141
1602,South Lakeland,E07000031
1603,South Lakeland,E07000031
1604,South Lakeland,E07000031
1605,South Lakeland,E07000031
1606,South Lakeland,E07000031
1607,South Lakeland,E07000031
1608,South Lakeland,E07000031
1609,South Lakeland,E07000031
1610,South Lakeland,E07000031
1611,South Norfolk,E07000149
1612,South Norfolk,E07000149
1613,South Norfolk,E07000149
1614,South Norfolk,E07000149
1615,South Norfolk,E07000149
1616,South Norfolk,E07000149
1617,South Norfolk,E07000149
1618,South Norfolk,E07000149
1619,South Norfolk,E07000149
1620,South Northamptonshire,E07000155
1621,South Northamptonshire,E07000155
1622,South Northamptonshire,E07000155
1623,South Northamptonshire,E07000155
1624,South Northamptonshire,E07000155
1625,South Northamptonshire,E07000155
1626,South Northamptonshire,E07000155
1627,South Northamptonshire,E07000155
1628,South Northamptonshire,E07000155
1629,South Oxfordshire,E07000179
1630,South Oxfordshire,E07000179
1631,South Oxfordshire,E07000179
1632,South Oxfordshire,E07000179
1633,South Oxfordshire,E07000179
1634,South Oxfordshire,E07000179
1635,South Oxfordshire,E07000179
1636,South Oxfordshire,E07000179
1637,South Oxfordshire,E07000179
1638,South Ribble,E07000126
1639,South Ribble,E07000126
1640,South Ribble,E07000126
1641,South Ribble,E07000126
1642,South Ribble,E07000126
1643,South Ribble,E07000126
1644,South Ribble,E07000126
1645,South Ribble,E07000126
1646,South Ribble,E07000126
1647,South Somerset,E07000189
1648,South Somerset,E07000189
1649,South Somerset,E07000189
1650,South Somerset,E07000189
1651,South Somerset,E07000189
1652,South Somerset,E07000189
1653,South Somerset,E07000189
1654,South Somerset,E07000189
1655,South Somerset,E07000189
1656,South Staffordshire,E07000196
1657,South Staffordshire,E07000196
1658,South Staffordshire,E07000196
1659,South Staffordshire,E07000196
1660,South Staffordshire,E07000196
1661,South Staffordshire,E07000196
1662,South Staffordshire,E07000196
1663,South Staffordshire,E07000196
1664,South Staffordshire,E07000196
1665,South Tyneside,E08000023
1666,South Tyneside,E08000023
1667,South Tyneside,E08000023
1668,South Tyneside,E08000023
1669,South Tyneside,E08000023
1670,South Tyneside,E08000023
1671,South Tyneside,E08000023
1672,South Tyneside,E08000023
1673,South Tyneside,E08000023
1674,Southwark,E09000028
1675,Southwark,E09000028
1676,Southwark,E09000028
1677,Southwark,E09000028
1678,Southwark,E09000028
1679,Southwark,E09000028
1680,Southwark,E09000028
1681,Southwark,E09000028
1682,Southwark,E09000028
1683,Spelthorne,E07000213
1684,Spelthorne,E07000213
1685,Spelthorne,E07000213
1686,Spelthorne,E07000213
1687,Spelthorne,E07000213
1688,Spelthorne,E07000213
1689,Spelthorne,E07000213
1690,Spelthorne,E07000213
1691,Spelthorne,E07000213
1692,St Albans,E07000240
1693,St Albans,E07000240
1694,St Albans,E07000240
1695,St Albans,E07000240
1696,St Albans,E07000240
1697,St Albans,E07000240
1698,St Albans,E07000240
1699,St Albans,E07000240
1700,St Albans,E07000240
1701,St. Helens,E08000013
1702,St. Helens,E08000013
1703,St. Helens,E08000013
1704,St. Helens,E08000013
1705,St. Helens,E08000013
1706,St. Helens,E08000013
1707,St. Helens,E08000013
1708,St. Helens,E08000013
1709,St. Helens,E08000013
1710,Stafford,E07000197
1711,Stafford,E07000197
1712,Stafford,E07000197
1713,Stafford,E07000197
1714,Stafford,E07000197
1715,Stafford,E07000197
1716,Stafford,E07000197
1717,Stafford,E07000197
1718,Stafford,E07000197
1719,Staffordshire Moorlands,E07000198
1720,Staffordshire Moorlands,E07000198
1721,Staffordshire Moorlands,E07000198
1722,Staffordshire Moorlands,E07000198
1723,Staffordshire Moorlands,E07000198
1724,Staffordshire Moorlands,E07000198
1725,Staffordshire Moorlands,E07000198
1726,Staffordshire Moorlands,E07000198
1727,Staffordshire Moorlands,E07000198
1728,Stevenage,E07000243
1729,Stevenage,E07000243
1730,Stevenage,E07000243
1731,Stevenage,E07000243
1732,Stevenage,E07000243
1733,Stevenage,E07000243
1734,Stevenage,E07000243
1735,Stevenage,E07000243
1736,Stevenage,E07000243
1737,Stockport,E08000007
1738,Stockport,E08000007
1739,Stockport,E08000007
1740,Stockport,E08000007
1741,Stockport,E08000007
1742,Stockport,E08000007
1743,Stockport,E08000007
1744,Stockport,E08000007
1745,Stockport,E08000007
1746,Stratford-on-Avon,E07000221
1747,Stratford-on-Avon,E07000221
1748,Stratford-on-Avon,E07000221
1749,Stratford-on-Avon,E07000221
1750,Stratford-on-Avon,E07000221
1751,Stratford-on-Avon,E07000221
1752,Stratford-on-Avon,E07000221
1753,Stratford-on-Avon,E07000221
1754,Stratford-on-Avon,E07000221
1755,Stroud,E07000082
1756,Stroud,E07000082
1757,Stroud,E07000082
1758,Stroud,E07000082
1759,Stroud,E07000082
1760,Stroud,E07000082
1761,Stroud,E07000082
1762,Stroud,E07000082
1763,Stroud,E07000082
1764,Sunderland,E08000024
1765,Sunderland,E08000024
1766,Sunderland,E08000024
1767,Sunderland,E08000024
1768,Sunderland,E08000024
1769,Sunderland,E08000024
1770,Sunderland,E08000024
1771,Sunderland,E08000024
1772,Sunderland,E08000024
1773,Surrey Heath,E07000214
1774,Surrey Heath,E07000214
1775,Surrey Heath,E07000214
1776,Surrey Heath,E07000214
1777,Surrey Heath,E07000214
1778,Surrey Heath,E07000214
1779,Surrey Heath,E07000214
1780,Surrey Heath,E07000214
1781,Surrey Heath,E07000214
1782,Sutton,E09000029
1783,Sutton,E09000029
1784,Sutton,E09000029
1785,Sutton,E09000029
1786,Sutton,E09000029
1787,Sutton,E09000029
1788,Sutton,E09000029
1789,Sutton,E09000029
1790,Sutton,E09000029
1791,Swale,E07000113
1792,Swale,E07000113
1793,Swale,E07000113
1794,Swale,E07000113
1795,Swale,E07000113
1796,Swale,E07000113
1797,Swale,E07000113
1798,Swale,E07000113
1799,Swale,E07000113
1800,Tameside,E08000008
1801,Tameside,E08000008
1802,Tameside,E08000008
1803,Tameside,E08000008
1804,Tameside,E08000008
1805,Tameside,E08000008
1806,Tameside,E08000008
1807,Tameside,E08000008
1808,Tameside,E08000008
1809,Tamworth,E07000199
1810,Tamworth,E07000199
1811,Tamworth,E07000199
1812,Tamworth,E07000199
1813,Tamworth,E07000199
1814,Tamworth,E07000199
1815,Tamworth,E07000199
1816,Tamworth,E07000199
1817,Tamworth,E07000199
1818,Tandridge,E07000215
1819,Tandridge,E07000215
1820,Tandridge,E07000215
1821,Tandridge,E07000215
1822,Tandridge,E07000215
1823,Tandridge,E07000215
1824,Tandridge,E07000215
1825,Tandridge,E07000215
1826,Tandridge,E07000215
1827,Teignbridge,E07000045
1828,Teignbridge,E07000045
1829,Teignbridge,E07000045
1830,Teignbridge,E07000045
1831,Teignbridge,E07000045
1832,Teignbridge,E07000045
1833,Teignbridge,E07000045
1834,Teignbridge,E07000045
1835,Teignbridge,E07000045
1836,Tendring,E07000076
1837,Tendring,E07000076
1838,Tendring,E07000076
1839,Tendring,E07000076
1840,Tendring,E07000076
1841,Tendring,E07000076
1842,Tendring,E07000076
1843,Tendring,E07000076
1844,Tendring,E07000076
1845,Test Valley,E07000093
1846,Test Valley,E07000093
1847,Test Valley,E07000093
1848,Test Valley,E07000093
1849,Test Valley,E07000093
1850,Test Valley,E07000093
1851,Test Valley,E07000093
1852,Test Valley,E07000093
1853,Test Valley,E07000093
1854,Tewkesbury,E07000083
1855,Tewkesbury,E07000083
1856,Tewkesbury,E07000083
1857,Tewkesbury,E07000083
1858,Tewkesbury,E07000083
1859,Tewkesbury,E07000083
1860,Tewkesbury,E07000083
1861,Tewkesbury,E07000083
1862,Tewkesbury,E07000083
1863,Thanet,E07000114
1864,Thanet,E07000114
1865,Thanet,E07000114
1866,Thanet,E07000114
1867,Thanet,E07000114
1868,Thanet,E07000114
1869,Thanet,E07000114
1870,Thanet,E07000114
1871,Thanet,E07000114
1872,Three Rivers,E07000102
1873,Three Rivers,E07000102
1874,Three Rivers,E07000102
1875,Three Rivers,E07000102
1876,Three Rivers,E07000102
1877,Three Rivers,E07000102
1878,Three Rivers,E07000102
1879,Three Rivers,E07000102
1880,Three Rivers,E07000102
1881,Torridge,E07000046
1882,Torridge,E07000046
1883,Torridge,E07000046
1884,Torridge,E07000046
1885,Torridge,E07000046
1886,Torridge,E07000046
1887,Torridge,E07000046
1888,Torridge,E07000046
1889,Torridge,E07000046
1890,Tower Hamlets,E09000030
1891,Tower Hamlets,E09000030
1892,Tower Hamlets,E09000030
1893,Tower Hamlets,E09000030
1894,Tower Hamlets,E09000030
1895,Tower Hamlets,E09000030
1896,Tower Hamlets,E09000030
1897,Tower Hamlets,E09000030
1898,Tower Hamlets,E09000030
1899,Trafford,E08000009
1900,Trafford,E08000009
1901,Trafford,E08000009
1902,Trafford,E08000009
1903,Trafford,E08000009
1904,Trafford,E08000009
1905,Trafford,E08000009
1906,Trafford,E08000009
1907,Trafford,E08000009
1908,Tunbridge Wells,E07000116
1909,Tunbridge Wells,E07000116
1910,Tunbridge Wells,E07000116
1911,Tunbridge Wells,E07000116
1912,Tunbridge Wells,E07000116
1913,Tunbridge Wells,E07000116
1914,Tunbridge Wells,E07000116
1915,Tunbridge Wells,E07000116
1916,Tunbridge Wells,E07000116
1917,Uttlesford,E07000077
1918,Uttlesford,E07000077
1919,Uttlesford,E07000077
1920,Uttlesford,E07000077
1921,Uttlesford,E07000077
1922,Uttlesford,E07000077
1923,Uttlesford,E07000077
1924,Uttlesford,E07000077
1925,Uttlesford,E07000077
1926,Vale of White Horse,E07000180
1927,Vale of White Horse,E07000180
1928,Vale of White Horse,E07000180
1929,Vale of White Horse,E07000180
1930,Vale of White Horse,E07000180
1931,Vale of White Horse,E07000180
1932,Vale of White Horse,E07000180
1933,Vale of White Horse,E07000180
1934,Vale of White Horse,E07000180
1935,Wakefield,E08000036
1936,Wakefield,E08000036
1937,Wakefield,E08000036
1938,Wakefield,E08000036
1939,Wakefield,E08000036
1940,Wakefield,E08000036
1941,Wakefield,E08000036
1942,Wakefield,E08000036
1943,Wakefield,E08000036
1944,Walsall,E08000030
1945,Walsall,E08000030
1946,Walsall,E08000030
1947,Walsall,E08000030
1948,Walsall,E08000030
1949,Walsall,E08000030
1950,Walsall,E08000030
1951,Walsall,E08000030
1952,Walsall,E08000030
1953,Waltham Forest,E09000031
1954,Waltham Forest,E09000031
1955,Waltham Forest,E09000031
1956,Waltham Forest,E09000031
1957,Waltham Forest,E09000031
1958,Waltham Forest,E09000031
1959,Waltham Forest,E09000031
1960,Waltham Forest,E09000031
1961,Waltham Forest,E09000031
1962,Wandsworth,E09000032
1963,Wandsworth,E09000032
1964,Wandsworth,E09000032
1965,Wandsworth,E09000032
1966,Wandsworth,E09000032
1967,Wandsworth,E09000032
1968,Wandsworth,E09000032
1969,Wandsworth,E09000032
1970,Wandsworth,E09000032
1971,Warwick,E07000222
1972,Warwick,E07000222
1973,Warwick,E07000222
1974,Warwick,E07000222
1975,Warwick,E07000222
1976,Warwick,E07000222
1977,Warwick,E07000222
1978,Warwick,E07000222
1979,Warwick,E07000222
1980,Watford,E07000103
1981,Watford,E07000103
1982,Watford,E07000103
1983,Watford,E07000103
1984,Watford,E07000103
1985,Watford,E07000103
1986,Watford,E07000103
1987,Watford,E07000103
1988,Watford,E07000103
1989,Waverley,E07000216
1990,Waverley,E07000216
1991,Waverley,E07000216
1992,Waverley,E07000216
1993,Waverley,E07000216
1994,Waverley,E07000216
1995,Waverley,E07000216
1996,Waverley,E07000216
1997,Waverley,E07000216
1998,Wealden,E07000065
1999,Wealden,E07000065
2000,Wealden,E07000065
2001,Wealden,E07000065
2002,Wealden,E07000065
2003,Wealden,E07000065
2004,Wealden,E07000065
2005,Wealden,E07000065
2006,Wealden,E07000065
2007,Wellingborough,E07000156
2008,Wellingborough,E07000156
2009,Wellingborough,E07000156
2010,Wellingborough,E07000156
2011,Wellingborough,E07000156
2012,Wellingborough,E07000156
2013,Wellingborough,E07000156
2014,Wellingborough,E07000156
2015,Wellingborough,E07000156
2016,Welwyn Hatfield,E07000241
2017,Welwyn Hatfield,E07000241
2018,Welwyn Hatfield,E07000241
2019,Welwyn Hatfield,E07000241
2020,Welwyn Hatfield,E07000241
2021,Welwyn Hatfield,E07000241
2022,Welwyn Hatfield,E07000241
2023,Welwyn Hatfield,E07000241
2024,Welwyn Hatfield,E07000241
2025,West Devon,E07000047
2026,West Devon,E07000047
2027,West Devon,E07000047
2028,West Devon,E07000047
2029,West Devon,E07000047
2030,West Devon,E07000047
2031,West Devon,E07000047
2032,West Devon,E07000047
2033,West Devon,E07000047
2034,West Lancashire,E07000127
2035,West Lancashire,E07000127
2036,West Lancashire,E07000127
2037,West Lancashire,E07000127
2038,West Lancashire,E07000127
2039,West Lancashire,E07000127
2040,West Lancashire,E07000127
2041,West Lancashire,E07000127
2042,West Lancashire,E07000127
2043,West Lindsey,E07000142
2044,West Lindsey,E07000142
2045,West Lindsey,E07000142
2046,West Lindsey,E07000142
2047,West Lindsey,E07000142
2048,West Lindsey,E07000142
2049,West Lindsey,E07000142
2050,West Lindsey,E07000142
2051,West Lindsey,E07000142
2052,West Oxfordshire,E07000181
2053,West Oxfordshire,E07000181
2054,West Oxfordshire,E07000181
2055,West Oxfordshire,E07000181
2056,West Oxfordshire,E07000181
2057,West Oxfordshire,E07000181
2058,West Oxfordshire,E07000181
2059,West Oxfordshire,E07000181
2060,West Oxfordshire,E07000181
2061,Westminster,E09000033
2062,Westminster,E09000033
2063,Westminster,E09000033
2064,Westminster,E09000033
2065,Westminster,E09000033
2066,Westminster,E09000033
2067,Westminster,E09000033
2068,Westminster,E09000033
2069,Westminster,E09000033
2070,Wigan,E08000010
2071,Wigan,E08000010
2072,Wigan,E08000010
2073,Wigan,E08000010
2074,Wigan,E08000010
2075,Wigan,E08000010
2076,Wigan,E08000010
2077,Wigan,E08000010
2078,Wigan,E08000010
2079,Winchester,E07000094
2080,Winchester,E07000094
2081,Winchester,E07000094
2082,Winchester,E07000094
2083,Winchester,E07000094
2084,Winchester,E07000094
2085,Winchester,E07000094
2086,Winchester,E07000094
2087,Winchester,E07000094
2088,Wirral,E08000015
2089,Wirral,E08000015
2090,Wirral,E08000015
2091,Wirral,E08000015
2092,Wirral,E08000015
2093,Wirral,E08000015
2094,Wirral,E08000015
2095,Wirral,E08000015
2096,Wirral,E08000015
2097,Woking,E07000217
2098,Woking,E07000217
2099,Woking,E07000217
2100,Woking,E07000217
2101,Woking,E07000217
2102,Woking,E07000217
2103,Woking,E07000217
2104,Woking,E07000217
2105,Woking,E07000217
2106,Wolverhampton,E08000031
2107,Wolverhampton,E08000031
2108,Wolverhampton,E08000031
2109,Wolverhampton,E08000031
2110,Wolverhampton,E08000031
2111,Wolverhampton,E08000031
2112,Wolverhampton,E08000031
2113,Wolverhampton,E08000031
2114,Wolverhampton,E08000031
2115,Worcester,E07000237
2116,Worcester,E07000237
2117,Worcester,E07000237
2118,Worcester,E07000237
2119,Worcester,E07000237
2120,Worcester,E07000237
2121,Worcester,E07000237
2122,Worcester,E07000237
2123,Worcester,E07000237
2124,Worthing,E07000229
2125,Worthing,E07000229
2126,Worthing,E07000229
2127,Worthing,E07000229
2128,Worthing,E07000229
2129,Worthing,E07000229
2130,Worthing,E07000229
2131,Worthing,E07000229
2132,Worthing,E07000229
2133,Wychavon,E07000238
2134,Wychavon,E07000238
2135,Wychavon,E07000238
2136,Wychavon,E07000238
2137,Wychavon,E07000238
2138,Wychavon,E07000238
2139,Wychavon,E07000238
2140,Wychavon,E07000238
2141,Wychavon,E07000238
2142,Wyre,E07000128
2143,Wyre,E07000128
2144,Wyre,E07000128
2145,Wyre,E07000128
2146,Wyre,E07000128
2147,Wyre,E07000128
2148,Wyre,E07000128
2149,Wyre,E07000128
2150,Wyre,E07000128
2151,Wyre Forest,E07000239
2152,Wyre Forest,E07000239
2153,Wyre Forest,E07000239
2154,Wyre Forest,E07000239
2155,Wyre Forest,E07000239
2156,Wyre Forest,E07000239
2157,Wyre Forest,E07000239
2158,Wyre Forest,E07000239
2159,Wyre Forest,E07000239
