,health_sector_size_ratio_to_households,retail_sector_size_ratio_to_households,taxi_only_licensed_drivers_ratio_to_households,total_drivers_ratio_to_households,A_B_property_counts,C_D_property_counts,E_F_property_counts,G_H_property_counts,Male life expectancy at birth (2012/2020)4,Female life expectancy at birth (2020)4
0,0.0496408739263561,0.05096588827003444,0.06559352198849362,0.19073024010718634,-0.7213227438565546,-0.6068434178474447,-0.9861744026795156,-0.6428465409953557,0.3183216366495272,0.18415529425999122
1,0.04961602079440355,0.05106160037181257,0.06545333530251256,0.19072264427522068,-0.2573836914253815,-0.4575842111788888,-0.36688584237874616,-0.4378860726463699,-0.6489078547460688,-0.8609690276032363
2,0.04967019041771401,0.05094661772640663,0.06545333530251256,0.19072730809401833,-0.8610495951453494,-0.5394539999112684,0.4726468330576698,0.29411560002857934,1.7369248906964032,2.4237074125383495
3,0.04963489656580507,0.05102585320386283,0.06573218973941468,0.19073798908945777,-0.6108610647062752,-1.0072813640962943,-0.7659302875438692,-0.6135664740883577,0.7696953993008072,1.3039313533991703
4,0.04970230220285554,0.051113707960696406,0.06550176049605698,0.1907571738430505,0.45760463180188093,-0.11451081077653652,-0.4379323311321805,-0.3671259109544581,-1.1002816173973489,-1.3835311885348553
5,0.049648742330210896,0.05096460149306675,0.06571891904000841,0.19076529950550156,0.14429514184836145,0.6512780294072856,0.05939309014185999,-0.23536560987296729,0.25383967055648193,0.10950355698405018
6,0.04965269795304617,0.050971673920726074,0.06545333530251256,0.1907058229275531,-0.35005673653068076,0.4190351593297192,0.6396060816282406,0.008634947685349118,0.06039377227736458,0.3334587688118839
7,0.049643149457284555,0.051030346575180324,0.06551500543218564,0.19073095011464905,-0.5508961531675521,-0.6636510263556264,-0.37399049125408956,-0.2890457325357969,-0.0040881938156714865,-0.5623620784994616
8,0.04959195316068733,0.05092865964052262,0.06555511477861606,0.1907403158626341,1.9704992659821998,0.4986771987088367,-0.2615002173944852,-0.5525663346987786,-1.2937275156764663,-1.532834663086748
9,0.049724794634227944,0.05108729071553555,0.06556291659743226,0.19078381368094377,0.4200189695455521,0.10102393915156468,-0.7754031527109937,-0.647726552146522,-0.8423537530251862,-0.8609690276032363
10,0.04961961437297669,0.05095889958355261,0.06545333530251256,0.19072031581565388,-0.3580903131961556,-0.5611745561055731,-0.3432036794609347,-0.27196569350671473,0.5117675349286446,0.5574139806397176
11,0.049756263748096524,0.051393816593527326,0.06545333530251256,0.1907034158361605,-0.39424140819079245,2.583850593362095,2.120925372137347,0.17455532682500427,0.25383967055648193,1.3039313533991703
12,0.0496358352167929,0.05095698123152926,0.06552926854593308,0.19070952485038145,-0.36382858224292336,-0.6608663396640488,-0.5871299575143927,-0.5842864071813597,0.5762495010216806,1.0053244042953957
13,0.04965637096537397,0.050993856861955615,0.06566883613686911,0.19079387508621695,-0.6424215444634979,-0.28326282428613514,-0.2354498381848926,-0.08896527533797745,0.8986593314868793,1.7518417770548484
14,0.04961363797517465,0.05097568798340473,0.0655897201462749,0.19072287763959705,-0.4496157044921013,-0.7611150605608401,-0.40122497860957274,-0.47448615628011737,-0.0040881938156714865,0.25880703153594287
15,0.1125631976624835,0.09255791247809689,0.06545333530251256,-1.5196877202493868,-0.35005673653068076,-0.3283747486896912,-0.40122497860957274,-0.3842059499835403,-0.3909799903739154,-0.33840686667161723
16,0.05015047700312477,0.05148023318610047,0.06637618404009377,0.19086524033325736,0.7878420154433653,3.3919666712578955,2.336433054689431,0.9577971165871999,0.5762495010216806,0.5574139806397176
17,0.04961095949113638,0.050905212312696686,0.06604364141742435,0.19078222013475457,-0.35349969795874137,-1.159882194794743,-1.0607732158706218,-0.67700661905352,-1.9385471766068636,-1.7567898749145818
18,0.049686586041172646,0.05096997997656268,0.06545333530251256,0.19075040439530708,1.310024498699231,-0.17298923129966476,-0.4876648732595846,-0.5476863235476123,-0.9068357191182315,-0.4877103412235099
19,0.04968406437550646,0.050996005367506,0.0656886614033527,0.19080196130661542,5.304146668701928,4.248536297587146,2.510496952135345,1.2066776852966827,-0.8423537530251862,-0.7116655530513436
20,0.1125631976624835,0.09255791247809689,0.06545333530251256,-2.128582179588516,-0.35005673653068076,-0.3283747486896912,-0.40122497860957274,-0.3842059499835403,0.5762495010216806,0.25880703153594287
21,0.04962005900703441,0.050961672462809214,0.06545333530251256,0.1907117677615384,-0.25824443178239664,-0.39743497864081406,-0.503058279156162,-0.3305258273207107,-0.19753409209478887,-0.4130586039475689
22,0.049615912202816165,0.05093352223932358,0.06545333530251256,0.19071565710093252,-0.18766372250715324,-0.0008955937601730911,-0.33609903058559126,-0.3890859611347066,-0.5199439225599876,-0.18910339211973518
23,0.04973450275547495,0.0509593747975738,0.06545333530251256,0.1907500438784696,-0.13831460870495055,-0.27825038824129555,-0.5587113620130189,-0.47448615628011737,-0.19753409209478887,0.781369192467562
24,0.04997558582025426,0.05175779440301567,0.06545260651361065,0.19068991399463914,-0.4917919819858443,1.0210844220487822,2.419320624901771,3.5539630490076863,1.3500330941381593,2.498359149814301
25,0.04968222602617006,0.05131714194050013,0.06545261527278638,0.19068991472212343,0.16724821803543247,2.6879978756270946,-0.43201179040272764,-0.6526065632976883,-0.7778717869321502,-0.2637551293956762
26,0.04966655045027778,0.05102147094722552,0.06545333530251256,0.1907130497964649,-0.5990976131604013,-0.5199611930702256,0.042815576099391975,-0.0011250746169835385,0.18935770446344588,0.6320657179156692
27,0.049652776947680506,0.05100956232154643,0.06572878801702939,0.19075106215738027,0.48227918870298225,1.3324123941671506,0.2950306111740839,-0.34760586634979285,-0.6489078547460688,-0.8609690276032363
28,0.04960103042994253,0.050952937476311556,0.06557729287677544,0.19075609709892732,0.08490405721431517,-0.16630598323987866,-0.6510717973924836,-0.5232862677917807,-0.9713176852112675,-0.5623620784994616
29,0.049727928655884095,0.05141282963575664,0.06545333530251256,0.19077508738509702,-0.8403918265769855,-0.30498338048043994,-0.08151577921911815,0.7137965590288835,1.221069161952078,0.6320657179156692
30,0.04982638030208721,0.05110028018386204,0.06545229421103733,0.19068988805667159,-0.6696783224356447,1.278946409688862,0.9285284692255403,0.7089165478777172,0.4472855688356085,0.6320657179156692
31,0.04983463785097095,0.050979961314343625,0.06545333530251256,0.19078484279102614,-0.5787267580443758,0.3794926083093182,-0.08980453624035216,0.23067545506341705,0.12487573837040981,0.3334587688118839
32,0.04965840528792283,0.05102343757096098,0.0654745003284102,0.19074798322224332,-0.09585141775886914,-1.154312821411588,-0.9743333212206099,-0.5818464016057766,-1.2292455495834302,-1.08492423943107
33,0.04977022361422823,0.05132673259062633,0.06545266608258572,0.1906899189420788,-0.414612263306818,2.902418750878565,2.733109283562773,1.240837763354847,0.5762495010216806,0.6320657179156692
34,0.049647326809059186,0.050966378293215986,0.06578800424963509,0.1907660706293988,1.4222076585635406,1.0216413593870977,-0.1869014042033791,-0.4500861005242857,-0.2620160581878341,-0.11445165484378353
35,0.04965772712849896,0.05112734982702036,0.06561626542718396,0.1907536600576862,1.7177285144720802,0.6919344551043176,0.18254033731447955,0.11355518743542517,-1.1002816173973489,-0.8609690276032363
36,0.04966120649885178,0.05096685381781196,0.06545333530251256,0.19074175780317004,-0.0450677366949745,-0.06438645032814089,-0.40122497860957274,-0.3842059499835403,-0.4554619564669515,-0.2637551293956762
37,0.04965640537528705,0.051022671105366284,0.06545333530251256,0.1907661601288881,1.0044616719588482,-0.2860475109777127,-0.7280388268753708,-0.48180617300686684,-1.4871734139555837,-1.9807450867424155
38,0.04969098762522627,0.051111232752913134,0.06588161903946632,0.1907611158499558,-0.6438561117251899,-1.0044966774047166,-0.6676493114349515,-0.36956591653004134,0.8341773653938432,0.930672667019444
39,0.04962331484689729,0.05097153618602519,0.06545333530251256,0.19074717857492182,-0.33456341010440777,-1.1281367665107593,-1.1851045711891317,-0.6989666692337685,-0.6489078547460688,-0.4877103412235099
40,0.04975585145663612,0.05113097112752564,0.06552704158767768,0.19076813827821731,1.5398421740222796,0.04254551862843645,-0.3704381668164179,-0.20608554296596931,-1.1002816173973489,-1.3088794512589144
41,0.04990322552315613,0.0512727678952346,0.06545238221638644,0.19068989536586492,-0.8048145584870254,1.2655799135692898,2.33406483839765,1.1041974511221897,1.9303707889755206,2.0504487261586233
42,0.04963337751300579,0.05105461410249148,0.06545333530251256,0.19071750166134216,-0.3503436499830191,-0.4330789682930065,-0.19282194493283197,-0.21340555969271882,0.5117675349286446,0.930672667019444
43,0.04972963637530362,0.05100240489483054,0.06545233877112783,0.19068989175756387,-0.6932052255273925,1.3290707701372577,1.0268094453344578,0.25751551639483183,0.7696953993008072,0.03485181970810915
44,0.04959701264322089,0.05087037575155947,0.06545333530251256,0.19073266687783222,0.1919227749365338,-0.8468834106614282,-0.7197500698541368,-0.6257665019662736,-1.5516553800486288,-2.1300485612943083
45,0.04970457014875247,0.051115088502471165,0.06552102535466031,0.19076156039825973,-0.60110600732677,0.44743896358381,-0.5598954701589095,-0.6355265242686062,-0.7133898208391141,-0.33840686667161723
46,0.04966504261541893,0.05095901012209481,0.06545250603679495,0.190689905649641,-0.5110151832925163,1.6431834289472036,1.583340273903027,-0.2939257436869632,0.4472855688356085,0.781369192467562
47,0.04964585004537765,0.05090388102524097,0.06545333530251256,0.19075646332030238,-0.2846404693975283,-0.2877183229926592,-0.3266261654184667,-0.47448615628011737,0.18935770446344588,0.10950355698405018
48,0.04971536281339506,0.051002973450535845,0.06545333530251256,0.1907101763580591,-0.36985376474202947,-0.43140815627806,-0.014021614903355512,-0.027965135948398345,0.12487573837040981,-0.4130586039475689
49,0.04971400206315477,0.05094109411254405,0.06555966347032996,0.19074353631336802,-0.6352487081550382,-0.2643269547834079,-0.8523701821938809,-0.6111264685127745,-0.7133898208391141,-0.0397999175678425
50,0.049634992860093825,0.05097476950678984,0.06545333530251256,0.1907063236663466,-0.6318057467269775,-1.1743625655909464,-0.8417132088808658,-0.4598461228266184,0.7696953993008072,0.03485181970810915
51,0.04990463762515718,0.05155646524112281,0.06545278840842808,0.19068992910172525,-0.5460186244777996,2.1839695844515608,4.9189729208767705,4.325004810891966,1.5434789924172767,1.3039313533991703
52,0.049663091073688555,0.05095276789785716,0.06562979829177146,0.1909471300987488,0.9863861244615296,0.9759724976452262,0.16596282327201153,0.011074953260932281,-1.0357996513043128,-0.7863172903272952
53,0.049666384101633806,0.051014657441212446,0.06545333530251256,0.19070940504370823,-0.7689503769447269,-0.8296183531736475,-0.43201179040272764,-0.29148573811138007,1.156587195859042,0.3334587688118839
54,0.04973489926566421,0.0512621071566842,0.06545333530251256,0.19075038253999196,-0.8053883853917022,-0.0415520194572051,-0.6191008774534381,-0.23536560987296729,-0.5199439225599876,-0.6370138157754026
55,0.04968076137541271,0.0509955624070037,0.0654787954449341,0.19071134276754878,-0.6920575717180389,-0.05603239025340828,1.0031272824166464,1.3725980644363378,1.0921052297660059,0.856020929743503
56,0.04973746130144688,0.051029845291177045,0.06545333530251256,0.19072650594343538,-0.4496157044921013,0.14892055024669829,0.24648217719257046,0.4697960014705671,0.7696953993008072,0.856020929743503
57,0.0496526501821491,0.05095863302426181,0.06554673693811368,0.1907564898992891,0.11560379661452266,-1.1738056282526308,-1.0939282439555578,-0.6745666134779368,-0.9713176852112675,-1.010272502155129
58,0.049680172946289375,0.05096512498581725,0.06552593513304544,0.19075676508985837,0.26451187837814594,-0.7109907001124445,-0.9246007790932058,-0.6257665019662736,-0.2620160581878341,0.10950355698405018
59,0.04970409197445861,0.05101932129730967,0.06545273987600063,0.19068992507091465,0.15634550684657372,2.5671424732126296,1.8012161727468923,0.9773171611918653,-0.5199439225599876,-0.0397999175678425
60,0.049702421844802454,0.0509903462903871,0.06564398414482403,0.19073800475603986,-0.6759904183870893,0.39063135507562835,0.4454123457021867,0.6967165199998013,0.705213433207762,0.930672667019444
61,0.049438268138369226,0.050705432173174775,0.0654517918747935,0.1906898463356539,-0.35005673653068076,-0.3283747486896912,-0.40122497860957274,-0.3842059499835403,-0.13305212600175279,-0.0397999175678425
62,0.04964991547765708,0.05092948066923842,0.06545333530251256,0.1907878649457453,-0.089826235259763,-0.6452720941912147,-0.6558082299760458,-0.48180617300686684,0.25383967055648193,-0.0397999175678425
63,0.04977590315651335,0.05135610921619507,0.065452643871872,0.19068991709739092,0.1973741305309632,1.727280967032845,0.7390711658830487,-0.40860600573937195,-0.7778717869321502,-0.0397999175678425
64,0.1125631976624835,0.09255791247809689,0.06545333530251256,-5.727216849390562,-0.35005673653068076,-0.3283747486896912,-0.40122497860957274,-0.3842059499835403,-1.0357996513043128,-0.7116655530513436
65,0.1125631976624835,0.09255791247809689,0.06545333530251256,-2.5253898047758137,-0.35005673653068076,-0.3283747486896912,-0.40122497860957274,-0.3842059499835403,0.18935770446344588,0.10950355698405018
66,0.04973186191739561,0.05115535207901611,0.06545269932554464,0.19068992170303842,-0.45478014663419225,2.381682339553566,2.3293284058140875,0.9553571110116168,0.6407314671147258,0.5574139806397176
67,0.1125631976624835,0.09255791247809689,0.06545333530251256,-1.143404627399363,-0.35005673653068076,-0.3283747486896912,-0.40122497860957274,-0.3842059499835403,-1.1002816173973489,-1.3088794512589144
68,0.04959278592352282,0.0509258078184337,0.06545333530251256,0.19071656466619927,0.07945270161988581,-0.867490092179102,-0.9305213198226587,-0.5867264127569429,-0.0040881938156714865,-0.11445165484378353
69,0.049680461043746335,0.05103484564688581,0.06545333530251256,0.1907197429366529,-0.593646257565972,0.20182959738667144,0.9533947402892423,1.211557696447849,1.221069161952078,1.1546278788472883
70,0.04965478220579533,0.05089517252670854,0.06566491166333505,0.19073884736055796,-0.6355356216073765,-0.12620649488116217,0.06649773901720342,-0.3305258273207107,0.705213433207762,0.40811050608783556
71,0.049561010457290125,0.05093852032275989,0.0655709088698793,0.19071942437614162,-0.09613833121120753,-0.8429848492932197,-0.9553875908863607,-0.6721266079023537,-0.19753409209478887,-0.5623620784994616
72,0.04957448215154197,0.05086848426582823,0.06554804876510754,0.19072125690066705,-0.3899377064057166,-0.7911896768298775,-0.8890775347164886,-0.6355265242686062,-0.9068357191182315,-0.4877103412235099
73,0.04974795348045609,0.05105393504436742,0.06545279852236925,0.1906899299417282,-0.16126768489202156,3.50669576295089,2.853888314443611,1.2652378191106786,0.38280360274256325,0.18415529425999122
74,0.04969395393956693,0.05100729815666681,0.06545333530251256,0.19076169210130248,0.536792744647276,-0.8981216457864549,-0.9317054279685493,-0.5550063402743618,0.12487573837040981,0.03485181970810915
75,0.049716816293113586,0.0509935540547405,0.06545333530251256,0.1907143995436227,-0.43785225294622737,-0.32336231264485166,0.16122639068844924,0.14039524876683998,0.705213433207762,0.40811050608783556
76,0.04972600835338571,0.05111846002654362,0.06574543767723269,0.1908165497978196,0.27197162813894404,-0.6430443448379527,-0.7564574223767445,-0.47448615628011737,-1.4871734139555837,-1.532834663086748
77,0.04964830392648189,0.051001622699270624,0.06546569071784247,0.19075021651883864,1.3260916520301809,0.01971108775750067,-0.3609653016492933,-0.5062062287626985,-1.1002816173973489,-0.6370138157754026
78,0.04962086501052573,0.0509282707020479,0.0656864322636831,0.19081581210067355,-0.695787446598438,0.1427942395252277,-0.5871299575143927,-0.6038064517860251,0.705213433207762,0.40811050608783556
79,0.04973437536363471,0.05098385042198678,0.0654527477206192,0.19068992572244134,-0.5910640364949264,2.1076691691023366,4.33875992939039,3.0464418892863883,1.0921052297660059,1.1546278788472883
80,0.04971206720403923,0.050975733236184206,0.06564994770338878,0.19075050184744538,2.7288115205125587,1.6916369773806528,0.4312030479514998,0.06231507034817873,-0.8423537530251862,-0.33840686667161723
81,0.04965294534693653,0.051080050986036914,0.06554048797881254,0.19075090740556824,1.5891912878244825,0.04310245596675196,-0.7031725558116688,-0.48668618415803316,-1.9385471766068636,-1.9807450867424155
82,0.049629651387926174,0.05108453105608341,0.06545333530251256,0.19071526153448354,-0.6914837448133622,-0.9939148679767221,-0.6356783914959061,-0.4061660001637888,0.18935770446344588,0.03485181970810915
83,0.049643638726835186,0.05111235230660776,0.06545333530251256,0.19071934759213469,-0.762351367540944,-1.2668141637513206,-0.8334244518596318,-0.36468590537887496,1.0921052297660059,1.901145251606741
84,0.1125631976624835,0.09255791247809689,0.06545333530251256,-13.649686331578334,-0.35005673653068076,-0.3283747486896912,-0.40122497860957274,-0.3842059499835403,-0.9713176852112675,-0.33840686667161723
85,0.1125631976624835,0.09255791247809689,0.06545333530251256,-6.096658431461494,-0.35005673653068076,-0.3283747486896912,-0.40122497860957274,-0.3842059499835403,-1.1002816173973489,-0.7116655530513436
86,0.1125631976624835,0.09255791247809689,-4.629880669936173,-3.2369069258013132,-0.35005673653068076,-0.3283747486896912,-0.40122497860957274,-0.3842059499835403,-0.7778717869321502,-1.1595759767070217
87,0.04960835669007315,0.05089286017395008,0.0655587893183661,0.19078552695156378,0.2699632339725753,0.7520836876423924,0.22516823056654015,-0.3622458998032918,-0.13305212600175279,-0.2637551293956762
88,0.04968772868450725,0.051023679934374684,0.06549846301818427,0.1907449457151443,-0.11105783073280369,0.1494774875850138,0.33884261257203513,0.10379516513309252,0.3183216366495272,0.40811050608783556
89,0.04964524265122551,0.05103367731726965,0.06552852960191734,0.1907599205936952,-0.053101313360449355,-1.0807970927539412,-1.1199786231651503,-0.6843266357802694,-2.3254389731651073,-2.4286555103980936
90,0.04943646474593008,0.05070423650536002,0.06544943851076301,0.19068965087943593,-0.35005673653068076,-0.3283747486896912,-0.40122497860957274,-0.3842059499835403,1.4145150602312044,1.2292796161232293
91,0.049714923147878384,0.050997801034687644,0.06594778027887215,0.1908208187968507,-0.3141925549883823,0.6980607658257882,-0.2390021626225643,-0.2426856265997168,-0.7778717869321502,-0.33840686667161723
92,0.049625482839882586,0.050973455422020544,0.06545333530251256,0.1907166899862382,-0.45965767532394486,-0.6959533919779258,-0.4888489814054751,-0.25976566562879894,1.5434789924172767,0.930672667019444
93,0.0494385458344346,0.0507056162885345,0.06545215425844193,0.19068987643305338,-0.35005673653068076,-0.3283747486896912,-0.40122497860957274,-0.3842059499835403,1.5434789924172767,1.1546278788472883
94,0.04965619646229791,0.05099773131196625,0.06547596293526992,0.19071413714049182,-0.17188348262854192,-0.668663462400466,-0.41425016821436905,-0.4671661395533679,-0.4554619564669515,-0.7116655530513436
95,0.049713140980187566,0.05108416037235238,0.06545333530251256,0.19076630536637618,2.509896556378369,1.1608756939659746,0.7663056532385318,-0.14264539800080706,-0.5199439225599876,-0.7863172903272952
96,0.04960824156404982,0.050874081295807186,0.06569174079618995,0.19085386688717926,0.5651971764287763,-0.7761523686953589,-1.0536685669952783,-0.6843266357802694,-1.8095832444207822,-2.1300485612943083
97,0.0495658166912501,0.05092709574174589,0.06545333530251256,0.19071786424590695,1.460940974629223,-0.30164175645054686,-0.658176446267827,-0.5403663068208628,-0.8423537530251862,-1.1595759767070217
98,0.04971648187032276,0.05098469044797496,0.065467329460867,0.19076571580875967,-0.15639015620226895,-1.1225673931276041,-1.1744475978761166,-0.67700661905352,-2.067511108792945,-1.6821381376386408
99,0.1125631976624835,0.09255791247809689,0.06545333530251256,-2.7101105958112797,-0.35005673653068076,-0.3283747486896912,-0.40122497860957274,-0.3842059499835403,-1.6161373461416648,-1.2342277139829627
100,0.04972339585337137,0.051101149836028134,0.06557456575609472,0.1908122369456343,3.0151511459462697,1.675485794569503,0.9273443610796497,0.259955521970415,-1.3582094817695114,-1.4581829258107963
101,0.04974796341940152,0.0509452375576886,0.0655953755231013,0.19082289745116074,-0.17848249203232483,0.6345699092578204,1.1689024228413265,0.7455166315114646,0.38280360274256325,0.856020929743503
102,0.049660599465192225,0.05102578103250279,0.06545333530251256,0.19072869309864446,-0.4120300422357725,-0.37237279841661625,0.377918181386424,0.4575959735926513,0.9631412975799245,0.856020929743503
103,0.04971674468377326,0.051143582625884816,0.06545257349468131,0.19068991125228607,-0.15868546382097606,1.8297574372828984,0.6443425142118029,0.6039963081276412,0.25383967055648193,1.1546278788472883
104,0.049696837461185514,0.05093513702523751,0.06559260282314787,0.1907390990638106,-0.3856340046206408,-0.32503312465979817,-0.37399049125408956,-0.49156619530919954,-0.32649802428087016,-0.11445165484378353
105,0.04970653028142062,0.05115203223214966,0.0654525152336133,0.19068990641347328,-0.6085657570875681,2.1745016497001974,1.2873132374303837,0.5137161018310641,0.18935770446344588,0.40811050608783556
106,0.04965159956802175,0.05094872802127824,0.06545333530251256,0.19074785398372948,-0.16872743465281964,-0.8479972853380593,-0.9423624012815645,-0.6648065911756041,-1.164763583490385,-1.2342277139829627
107,0.04966485142603191,0.05092824578215566,0.06545333530251256,0.19070812213717814,-0.09183462942613171,-0.6447151568528992,-0.8949980754459416,-0.5940464294836924,0.5117675349286446,0.25880703153594287
108,0.04969757905787611,0.05100073918271004,0.06545255193449238,0.19068990946162687,-0.470847299965142,2.006306573528914,1.292049670013946,0.10867517628425885,0.3183216366495272,0.40811050608783556
109,0.04966093770415416,0.05096184073353427,0.06545333530251256,0.19072393757890793,-0.2212325964307446,0.5966981702523659,0.16596282327201153,-0.18900550393688717,-0.0040881938156714865,-0.18910339211973518
110,0.04968215236968992,0.050963678097077275,0.06545270186859178,0.19068992191424858,0.32447678991686896,2.5270429848539133,-0.044808426696510396,-0.3451658607742097,-0.4554619564669515,0.03485181970810915
111,0.04966896142222779,0.050962135020018215,0.06545333530251256,0.19070795231504412,-0.19655803952964326,-0.2676685788133009,-0.08269988736500872,-0.29880575483812954,0.3183216366495272,0.18415529425999122
112,0.04955436275202712,0.050928919029146515,0.06545333530251256,0.19071335054750732,-0.13028103203947566,-1.197196996461882,-1.1389243534993996,-0.6843266357802694,-1.3582094817695114,-1.2342277139829627
113,0.04971253114809408,0.05106832642442274,0.06545333530251256,0.19072010978153064,-0.8220293656273286,-0.29830013242065384,0.6656564608378331,1.8752392130064697,1.672442924603358,1.3039313533991703
114,0.04962986558630969,0.05099658425822182,0.06591441216681364,0.19076463687009707,2.040219234900428,0.3488610547019653,-0.43556411484039936,-0.3232058105939612,-0.7133898208391141,-0.7863172903272952
115,0.04962223621714034,0.050939271282860105,0.06545333530251256,0.1907175063671883,-0.05051909228940387,0.23190421365570885,-0.4414846555698522,-0.48668618415803316,-0.6489078547460688,-1.010272502155129
116,0.04965202106433611,0.050965357152941815,0.06554102844057828,0.190720445317524,-0.7023864560022209,-0.015375964556376274,-0.13480064578419393,-0.4403260782219531,-0.2620160581878341,-0.8609690276032363
117,0.04962459552575953,0.05097510346154301,0.06570184566106212,0.19073469402740958,-0.5896294692332346,-0.7889619274766155,-0.3491242201903876,-0.08408526418681112,0.38280360274256325,-0.4877103412235099
118,0.04970526140449227,0.05116753770256157,0.06545333530251256,0.19071200509988398,-0.6874669564806247,-0.5405678745878993,0.05228844126651656,0.5893562746741422,0.8341773653938432,1.4532348279510632
119,0.049640146657297136,0.051038456344886476,0.06553964732212463,0.19072510591810757,2.9216173604839555,4.127123957834365,2.771000744231271,0.39903583977865537,-0.13305212600175279,0.10950355698405018
120,0.04956715418464244,0.0508755535676285,0.06585051387670818,0.19076817508161523,-0.26082665285344214,-1.1760333776058929,-1.0299864040774669,-0.6940866580826022,-1.0357996513043128,-1.1595759767070217
121,0.04963763804534336,0.05089205368258815,0.06568609989476032,0.1907683459297914,1.3725716313089995,0.27645920072094937,-0.48292844067602225,-0.5574463458499449,-0.7778717869321502,-0.6370138157754026
122,0.04943780277674337,0.050705123633610016,0.06545118459415525,0.19068979589858792,-0.35005673653068076,-0.3283747486896912,-0.40122497860957274,-0.3842059499835403,1.3500330941381593,2.498359149814301
123,0.04960849019200703,0.050991689922343694,0.06555738737611154,0.1907480483431945,1.1126280434904203,-0.10225818933359536,-0.7458004490637293,-0.6062464573616082,-1.5516553800486288,-2.0553968240183673
124,0.04961833249536544,0.05091376697412871,0.06577080589273977,0.190801065706752,-0.37300981271775174,-0.9036910191696099,-0.7588256386685257,-0.6013664462104419,-0.5844258886530328,-0.11445165484378353
125,0.049595432332562334,0.05091305097595194,0.06545333530251256,0.19072991415394253,-0.330259708319332,-1.0557349125297433,-1.0086724574514365,-0.691646652507019,-0.2620160581878341,-0.4877103412235099
126,0.04965518479945703,0.050985472847093434,0.06545333530251256,0.19074085774491184,-0.3130449011790287,0.11995980865429193,0.18254033731447955,0.0037549365341827895,0.3183216366495272,-0.0397999175678425
127,0.04956286873198809,0.050925662320088744,0.06545333530251256,0.1907406830070317,0.24098497528639815,-0.8624776561342624,-1.0761666217671992,-0.6843266357802694,-1.1002816173973489,-1.010272502155129
128,0.04964059811523626,0.05097294173683096,0.06552170482014895,0.1907248558755553,-0.3362848908184381,0.6390254079643445,-0.47345557550889766,-0.5062062287626985,-0.2620160581878341,-0.5623620784994616
129,0.049651724458932615,0.051061338301851666,0.06547072892865673,0.19075123667332097,1.9888617269318567,0.005230716961297486,-0.8997345080295038,-0.6965266636581853,-1.7451012783277462,-1.532834663086748
130,0.04967375818024125,0.05105068400821422,0.06558184432091141,0.19079420368330843,1.0041747585065097,-0.44031915369110813,-0.585945849368502,-0.49156619530919954,-1.6161373461416648,-1.9060933494664745
131,0.04960934027058878,0.0510026332471216,0.06545333530251256,0.190749671540842,-0.794198760750505,-0.3456398061774719,-0.4166183845061502,-0.3671259109544581,1.156587195859042,1.1546278788472883
132,0.04986152596745543,0.05117617689106898,0.0655071532668731,0.1907624690179685,0.23840275421535265,0.7554253116722854,0.16596282327201153,0.5527561910403948,0.12487573837040981,0.25880703153594287
133,0.04963019547481326,0.050938070013889065,0.06580015691181705,0.19075585369654274,0.055638885075799616,-0.8101255463326048,-0.813294613379492,-0.6160064796639408,-0.5199439225599876,-0.6370138157754026
134,0.0496129182192488,0.050970064282380094,0.06545333530251256,0.19071651686910454,-0.5038423469840566,-0.8786288389454121,-0.7825078015863371,-0.6233264963906904,0.12487573837040981,-0.0397999175678425
135,0.049624028138707685,0.05098990762539212,0.0655628202446876,0.19073671335941494,-0.6458645058915585,-0.18914041411081445,-0.683042717331529,-0.6379665298441893,-0.32649802428087016,-0.0397999175678425
136,0.04963917639464577,0.05098138715078111,0.06611619803499273,0.1908329659275972,4.278431076592192,0.7448435022442907,-0.4462210881534145,-0.2695256879311316,-2.131993074885981,-2.1300485612943083
137,0.04959511928079041,0.05097043332960413,0.06558226264729,0.19074324421273797,2.20003002785291,0.569408240674906,-0.044808426696510396,-0.4159260224661214,-0.9713176852112675,-1.010272502155129
138,0.04960370425231769,0.05092401971243228,0.06560184570596563,0.19071896666993896,-0.19397581845859777,-0.4464454644125787,-0.35267654462805925,-0.3622458998032918,0.38280360274256325,0.5574139806397176
139,0.04965392263299045,0.05097326922605251,0.06549975411627192,0.1907284137994049,0.1850368520804125,-0.5143918196870706,-0.5764729842013775,-0.4940062008847827,-1.0357996513043128,-1.08492423943107
140,0.049812970574231945,0.05116203115494314,0.06584610509636268,0.19076436938201627,-0.8306367691974803,-0.11061224940832796,1.322836481807101,1.521438404546911,2.0593347211616018,1.3039313533991703
141,0.049611800590463474,0.050969915514134254,0.06545333530251256,0.19070692994049693,0.12019441185193687,-0.9877885572552515,-1.0643255403082934,-0.6672465967511874,-1.0357996513043128,-1.1595759767070217
142,0.04971882129504176,0.051017731910721745,0.06579636123593081,0.19075259673279651,-0.8002239432496112,-0.27713651356466457,0.30805580077888023,1.5458384603027424,1.221069161952078,1.0053244042953957
143,0.04965495458400895,0.05094406645695956,0.06545333530251256,0.19075741563721957,4.472384570372942,1.1296872030203062,0.32936974740491054,0.023274981138848103,-0.5199439225599876,-0.6370138157754026
144,0.04971853456220299,0.05107298287254419,0.06555218808140943,0.19075138834729313,0.7829644867536126,1.085689153293381,0.9936544172495217,0.16967531567383795,0.12487573837040981,-0.2637551293956762
145,0.04980318041712905,0.051225372573533844,0.06545333530251256,0.1907934023231947,2.273479871651537,-0.2860475109777127,-0.7079089883952311,-0.5598863514255281,-1.5516553800486288,-1.1595759767070217
146,0.04969316368195311,0.0510186141623931,0.06545333530251256,0.1907090267324967,-0.8492861435994755,-0.5294291278215892,-0.019942155632808375,0.3014356167553288,1.221069161952078,0.7067174551916103
147,0.04969670777442038,0.05104440354572334,0.06546606917767389,0.19070862672124964,-0.555199854952628,0.6028244809738365,0.6147398105645385,0.43319591783681966,0.4472855688356085,0.03485181970810915
148,0.04959622580568946,0.050940088987591635,0.06545333530251256,0.19074088882589613,1.5409898278316332,-0.20194997289207112,-0.5373974153869886,-0.5257262733673638,-1.0357996513043128,-1.532834663086748
149,0.049730579513191216,0.05101622023727833,0.06545333530251256,0.19071311357768223,-0.8573197202649504,-0.8001006742429256,0.17306747214735496,1.1139574734245223,0.6407314671147258,0.25880703153594287
150,0.049650187946149664,0.05097602212962689,0.06545333530251256,0.19071375985091005,-0.4731426075838491,-0.5583898694139956,-0.28518238031229665,0.01595496441209861,0.18935770446344588,0.18415529425999122
151,0.04962805398464723,0.050950624060031084,0.06545333530251256,0.19073587448983353,-0.7078378115966503,-0.20250691023038664,-0.8239515866925071,-0.6111264685127745,-0.3909799903739154,-0.7863172903272952
152,0.04983118610064973,0.05128575086186252,0.06545257231629698,0.19068991115441658,-0.47859396317827846,1.7339642150926313,1.912522338460606,0.1184351985865915,0.7696953993008072,0.930672667019444
153,0.049644560244945686,0.05094863263919692,0.06545333530251256,0.19071297802092554,-0.5029816066270414,-0.8396432252633267,-0.4580621696123202,-0.47448615628011737,1.4789970263242407,1.6771900397788968
154,0.049841793400232655,0.05114913403880849,0.06546522306672177,0.19071942974832468,-0.8358012113395713,-0.36401873834188364,0.2831895297151782,0.6796364809707193,0.5762495010216806,0.4827622433637766
155,0.04973363895453756,0.05123788416901575,0.06545271610065442,0.19068992309627783,0.4794100541795984,1.8592751162136203,1.8983130407099191,0.5747162412206431,-0.5199439225599876,0.40811050608783556
156,0.04968094508868446,0.050960513709208004,0.06545333530251256,0.19070598670098515,-0.776410126705525,0.1739827304708961,1.8864719592510135,1.00415722252328,1.3500330941381593,1.0053244042953957
157,0.049804824960960815,0.0510102123156125,0.06546829374642016,0.19075333478670722,-0.5156057985299305,0.09768231512167165,-0.15966691684789594,0.19163536585408641,0.12487573837040981,0.5574139806397176
158,0.04977869601920054,0.051087441823161044,0.06545333530251256,0.19072462391946204,-0.8819942771660517,-0.3835115451829264,0.9439218751221177,3.1098820342515503,1.4145150602312044,1.4532348279510632
159,0.04968554299100945,0.051414486080702336,0.06562704371481157,0.190758594521339,-0.46482211746603586,0.07317707223578934,-0.010469290465683793,-0.43544606707078676,1.4145150602312044,0.930672667019444
160,0.04960702121254822,0.050933047272961954,0.06552258188843768,0.19073908677563434,1.0414735073105001,-0.4085737254071242,-0.9032868324671756,-0.6160064796639408,-1.2292455495834302,-1.6074864003626892
161,0.04963394794508243,0.05094570153559898,0.06545333530251256,0.19073153240109444,-0.36440240914760014,0.12775693139070904,-0.4284594659650559,-0.49156619530919954,0.6407314671147258,0.930672667019444
162,0.049677216292738365,0.05098208796442073,0.06545333530251256,0.19071832110043221,-0.640986977201806,-0.18969735144912997,-0.5148993606150677,-0.43544606707078676,-0.0040881938156714865,-0.11445165484378353
163,0.04979058423911613,0.05104544655212384,0.06545071692105059,0.19068975705648147,-0.8403918265769855,-0.7377236923515889,-0.05546540000952555,0.3843958063251564,1.0921052297660059,0.40811050608783556
164,0.04971035370809494,0.05102240720143455,0.06545259880517877,0.19068991335442328,-0.004039113010585045,2.273079558582042,0.59697818837618,-0.08896527533797745,-0.4554619564669515,-0.6370138157754026
165,0.04959744193000308,0.050940157340924976,0.06545333530251256,0.19071075099909193,0.016618655557778875,-0.36457567568019916,-0.5634477945965812,-0.5159662510650311,0.4472855688356085,-0.11445165484378353
166,0.04973164881814448,0.05098190939469939,0.06545333530251256,0.19073808727016786,-0.8079706064627477,0.002446030269719951,0.6786816504426295,1.5336384324248267,1.8658888228824753,1.0053244042953957
167,0.04966350764755378,0.051003320249958566,0.06547349987150565,0.19071543068458083,-0.5841781136388051,-0.633576410086589,-0.03415145338349525,-0.06456521958214581,1.0276232636729605,1.378583090675122
168,0.04967173153068215,0.05100582504478229,0.06545333530251256,0.19070965692369332,0.035841856864450856,0.0781895082806289,-0.056649508155416126,-0.1792454816345545,0.5762495010216806,0.03485181970810915
169,0.04972334550836049,0.05107071569110279,0.06545333530251256,0.19072504166179352,-0.286648863563897,-0.025957773984370908,0.6632882445460521,0.8748369270173724,0.8986593314868793,0.7067174551916103
170,0.04961201835513978,0.050958880639308674,0.0657817439854808,0.19074717544510064,-0.08408796621299525,-0.8691609041940485,-0.8144787215253826,-0.6038064517860251,-0.5844258886530328,-0.7863172903272952
171,0.0498286268347881,0.051306967812800586,0.06545255994218882,0.1906899101266978,-0.6309450063699624,1.9188674114133795,2.094874992927754,1.2383977577792638,-0.4554619564669515,0.10950355698405018
172,0.04963249422725974,0.05096693617461433,0.06562501058869,0.19072500038055407,-0.1905328570305371,-0.8156949197157598,-0.7244865024376991,-0.5379263012452796,-0.06857015990871672,0.10950355698405018
173,0.0496250256445468,0.050919913900529246,0.06546225730293893,0.1907109344506368,-0.27918911380309896,0.028065147832233274,0.08899579378912431,-0.11092532551822593,0.25383967055648193,0.03485181970810915
174,0.0496587930935375,0.05096193213262912,0.06545333530251256,0.1907154386099112,1.0179466042187524,3.769013249297494,4.373099065621217,2.3217602333381886,0.7696953993008072,0.5574139806397176
175,0.049601431234590744,0.05095405015247846,0.065484229113039,0.19070820558788013,0.07170603840674933,-0.867490092179102,-0.7315911513130425,-0.5330462900941133,-0.5844258886530328,-0.8609690276032363
176,0.04967506665023355,0.05100353007851347,0.06545333530251256,0.19074154204437155,-0.32366069891554905,-0.8095686089942893,-0.5966028226815172,-0.5037662231871153,-0.2620160581878341,-0.0397999175678425
177,0.04961358732136575,0.0509624299102679,0.06545333530251256,0.1907260665681295,2.126006357149606,-0.20194997289207112,-0.49595363028081857,-0.4598461228266184,-1.4226914478625474,-1.3088794512589144
178,0.04966133953988309,0.050943497754577495,0.06545333530251256,0.19073900315268508,-0.25767060487771987,-0.6274500993651184,-0.7209341780000273,-0.6135664740883577,-0.5199439225599876,-0.18910339211973518
179,0.04960500096105717,0.0510255222824398,0.0658382740848716,0.19078991012452262,0.5781082817840038,-0.6942825799629793,-1.0134088900349987,-0.6526065632976883,-3.2281864984676583,-2.5779589849499756
180,0.04963544677516501,0.05096611095347797,0.06571592357082603,0.19074407216612302,0.023504578413900183,-0.8647054054875245,-0.7742190445651032,-0.5623263570011112,-0.9713176852112675,-0.8609690276032363
181,0.04973103886860867,0.05094594039607343,0.06545333530251256,0.19073691557497463,-0.026131448840640906,0.43351553012592237,0.22872055500421187,-0.07676524746006162,0.18935770446344588,0.10950355698405018
182,0.04977074021835546,0.051767158866505535,0.06545333530251256,0.1907216801761588,-0.6633662264842002,-0.3283747486896912,0.5354045647898702,0.8601968935638734,1.4789970263242407,1.4532348279510632
183,0.04967241421398949,0.051073051953995474,0.0654806961132279,0.19073416054302106,-0.6736951107683822,-0.08722088119907667,0.47027861676588867,1.0358772950058612,0.8986593314868793,1.2292796161232293
184,0.04973789390618541,0.05100100346893636,0.06593499117052644,0.19077328199742766,-0.2823451617788212,-0.2888321976692902,-0.372806383108199,-0.17192546490780503,0.5117675349286446,0.40811050608783556
185,0.04969334056115685,0.05098396328976554,0.06545333530251256,0.1907159324194971,-0.5087198756738092,0.7047440138855743,0.7153890029652372,0.41123586765657116,1.0921052297660059,1.1546278788472883
186,0.04961442910431346,0.051107619154562994,0.06568715594254423,0.1907820665322058,0.7361975940224554,-0.010363528511536711,-0.6712016358726233,-0.5452463179720292,-0.9713176852112675,-0.8609690276032363
187,0.04964024147688893,0.051047019523754025,0.06590192160909687,0.1907719744617885,-0.8214555387226519,-0.26042839341519936,-0.06849058961432185,-0.13776538684964074,0.8341773653938432,1.1546278788472883
188,0.049673189833316075,0.0510228969128553,0.06564165271682657,0.1907520959788273,-0.33284192939037743,-1.1615530068096898,-0.9920949434089685,-0.6013664462104419,-1.2937275156764663,-0.7116655530513436
189,0.04967971589952943,0.050974836822875125,0.06563899865649186,0.1907583947372254,-0.34776142891197365,0.31934337577124344,0.067681847163094,-0.14752540915197337,0.38280360274256325,0.10950355698405018
190,0.04976419425966552,0.05112416758826249,0.06545333530251256,0.19072185841777264,-0.46223989639499036,-0.43363590563132204,0.03334271093226739,-0.08164525861122796,1.156587195859042,1.3039313533991703
191,0.04966820397928497,0.051040772968284465,0.06550513639998251,0.19077900998060418,0.8564143305522399,-0.3044264431421244,-0.29702346177120237,-0.3842059499835403,-0.8423537530251862,-0.8609690276032363
192,0.1125631976624835,0.09255791247809689,0.06545333530251256,-2.2585708843912515,-0.35005673653068076,-0.3283747486896912,-0.40122497860957274,-0.3842059499835403,-1.1002816173973489,-1.3835311885348553
193,0.04966812903041018,0.051028400296623845,0.06565352336886496,0.19072250446194428,-0.367271543670984,0.06816463619094977,0.7485440310501732,0.3307156836623268,0.8986593314868793,0.4827622433637766
194,0.049766761445369546,0.050983787639990466,0.0654553219482967,0.19071076437387682,-0.6257805642278714,-0.6363610967781665,-0.024678588216370666,0.07207509265051139,-0.2620160581878341,0.10950355698405018
195,0.04966464996436857,0.05099166063358022,0.06545333530251256,0.19072591597730834,0.9028943098310588,1.2884143444402256,1.7230650351181145,0.5063960851043146,0.3183216366495272,0.5574139806397176
196,0.049560825808843204,0.05092023983855945,0.06587930342038155,0.19075714859035323,1.8964755952788956,-0.09167637990560074,-0.7777713690027749,-0.5476863235476123,-1.5516553800486288,-1.9060933494664745
197,0.04970207520121565,0.05114416116575818,0.06545333530251256,0.19071153807390062,-0.5491746724535218,-0.6374749714547976,-0.015205723049246084,0.11355518743542517,0.8986593314868793,1.5278865652270148
198,0.04977945087366118,0.051133930382474574,0.0656724668505704,0.19078283988543498,7.423863254577937,5.232087637052331,2.342353595418884,0.9382770719825346,-1.5516553800486288,-0.935620764879188
199,0.04959302130266743,0.05093073980428199,0.06545333530251256,0.1907300063195807,0.6742242883173637,-0.34285511948589437,-0.6865950417692007,-0.5696463737278608,-1.2937275156764663,-1.3835311885348553
200,0.1125631976624835,0.09255791247809689,0.06545333530251256,-0.9244762824684402,-0.35005673653068076,-0.3283747486896912,-0.40122497860957274,-0.3842059499835403,0.5117675349286446,0.5574139806397176
201,0.0497060555494017,0.05098421421277348,0.06545333530251256,0.1907812310927432,2.3254112065247856,-0.25374514535541326,-0.8796046695493641,-0.513526245489448,-1.6806193122347102,-1.3088794512589144
202,0.04972640070994645,0.05102906602097703,0.06545333530251256,0.19113518069641622,-0.7916165396794596,-0.6859285198882467,0.11149384856104519,0.5137161018310641,1.8014068567894392,1.378583090675122
203,0.04965705464930442,0.050948389799528426,0.06545536362618028,0.19073613265290446,-0.5638072585227797,-0.5750979895634608,-0.2401862707684549,-0.1816854872101377,0.5117675349286446,0.5574139806397176
204,0.04966067988087467,0.0509969513386904,0.06545333530251256,0.19072037438734854,-0.3930937543814389,0.5020188227387298,1.1310109621728281,0.5454361743136452,1.5434789924172767,1.3039313533991703
205,0.04971707068689456,0.051054238026887605,0.06545272642160077,0.19068992395347334,-0.40141424449925217,2.363303407389154,3.6744752595457784,3.4051227088971134,-0.13305212600175279,0.25880703153594287
206,0.049667618990652265,0.050958346036310914,0.06545333530251256,0.19072429598262317,0.4208797099025673,0.15504686096816886,0.12333493001995091,-0.018205113646065686,-0.7133898208391141,-1.2342277139829627
207,0.04972446382276028,0.051192948308429846,0.06545258392488403,0.1906899121185558,-0.7336600223071053,2.481931060450357,2.081849803322958,0.6674364530928034,0.4472855688356085,0.40811050608783556
208,0.04963576048043658,0.05100297041637707,0.06545333530251256,0.190709038294341,-0.8848634116894356,-0.23648008786763255,0.43238715609739037,-0.1670454537566387,0.6407314671147258,0.3334587688118839
209,0.04958947047259526,0.05089519897208241,0.06561190926796368,0.19074574461630736,-0.04334625598094417,-1.0496086018082729,-1.007488349305546,-0.5647663625766944,-1.2937275156764663,-1.2342277139829627
210,0.04972751639299269,0.05108819716872968,0.0657171355996805,0.1907460632558972,-0.6823025143385338,0.16061623435132394,1.0729896630241902,0.5381161575868957,1.0921052297660059,1.2292796161232293
211,0.04971157738734243,0.051056448618571615,0.06545333530251256,0.19070871173408238,-0.5554867684049664,-0.7733676820037813,-0.07559523848966529,-0.020645119221648852,0.705213433207762,0.856020929743503
212,0.1125631976624835,0.09255791247809689,0.06545333530251256,-2.190155776600338,-0.35005673653068076,-0.3283747486896912,-0.40122497860957274,-0.3842059499835403,-0.4554619564669515,-0.6370138157754026
213,0.049742197071783616,0.05135760385443498,0.0663251554793284,0.19089091889890736,4.110586706974234,1.3452219529484073,-0.28399827216640605,-0.4378860726463699,-2.5188848714442247,-2.5779589849499756
214,0.04967092775923051,0.05108136905636724,0.06545333530251256,0.19071032371820343,-0.6584886977944476,-1.0490516644699572,-0.6842268254774196,-0.4525261060998689,-0.06857015990871672,1.2292796161232293
215,0.049706697896131094,0.050940989824624756,0.06545333530251256,0.19075239389571316,-0.31878317022579644,-0.49991144889086736,-0.5231881176363017,-0.42568604476845406,0.25383967055648193,-0.11445165484378353
216,0.04968520061517599,0.050907944912403184,0.06545333530251256,0.1907339856511684,0.021783097699869858,-0.4859880154329797,-0.7647461793979785,-0.6745666134779368,-0.3909799903739154,-0.5623620784994616
217,0.04962883053055613,0.05093408570072465,0.06545333530251256,0.19070152958854483,-0.4278102821143838,-0.6140836032455463,-0.28518238031229665,-0.2890457325357969,1.2855511280451233,0.856020929743503
218,0.04964457974028125,0.05101119177089275,0.06545333530251256,0.19072433366177763,-0.052527486455772585,-0.45814114851720433,-0.6273896344746721,-0.5476863235476123,-0.9713176852112675,-0.2637551293956762
219,0.04966643875690204,0.05097220805187319,0.0656806602118779,0.190741466074721,-0.2783283734460838,-0.15015480042872897,0.1375442277706378,-0.201205531814803,0.25383967055648193,0.6320657179156692
220,0.04943872145631949,0.05070573272765821,0.06545238343885652,0.19068989546739593,-0.35005673653068076,-0.3283747486896912,-0.40122497860957274,-0.3842059499835403,-0.5199439225599876,-0.18910339211973518
221,0.049437175077562394,0.0507047074625694,0.06545036546868793,0.1906897278669686,-0.35005673653068076,-0.3283747486896912,-0.40122497860957274,-0.3842059499835403,1.221069161952078,1.6025383025029558
222,0.04965987886546687,0.051583092552518334,0.06576286378701673,0.1908007458786621,1.108037428253006,0.25028314582012057,-0.7671143956897597,-0.6062464573616082,-0.9713176852112675,-0.18910339211973518
223,0.04958396179477715,0.05095259065366428,0.06545333530251256,0.19070996280306024,-0.28349281558817474,-0.6007171071259741,-0.691331474352763,-0.3842059499835403,-0.19753409209478887,-0.2637551293956762
224,0.049760936724036475,0.05105258255320895,0.06559492593030916,0.19080822447102436,-0.9063819206148147,-0.7817217420785139,0.1624104988343398,0.3136356446332446,1.2855511280451233,1.7518417770548484
225,0.04974483089379634,0.05106616319717154,0.06545333530251256,0.19071718831642565,-0.8226031925320054,-0.8947800217565618,0.2749007726939442,1.4091981480700853,1.7369248906964032,1.2292796161232293
226,0.049717756530691146,0.050999669078036984,0.06547521356423959,0.19075168243874932,0.5999137041617213,0.39063135507562835,-0.3171533002513421,-0.38664595555912346,-0.9068357191182315,-0.7863172903272952
227,0.04943813554863349,0.05070534426481044,0.06545161884982781,0.19068983196524414,-0.35005673653068076,-0.3283747486896912,-0.40122497860957274,-0.3842059499835403,1.156587195859042,1.0799761415713367
228,0.05022705333852709,0.05196702689850334,0.06545265912247436,0.19068991836401394,-0.7127153402864029,0.560497243261858,3.688684557296465,9.034215571767472,1.672442924603358,2.199752200710516
229,0.049437843157480996,0.050705150406456165,0.06545123728960489,0.19068980027515406,-0.35005673653068076,-0.3283747486896912,-0.40122497860957274,-0.3842059499835403,1.9948527550685566,1.975796988882682
230,0.04973441040114809,0.05114922235325823,0.06545333530251256,0.19072168201351777,-0.5850388539958203,-0.1356744296325258,0.31042401707066136,0.3307156836623268,1.0276232636729605,0.7067174551916103
231,0.049684536837505684,0.0510410535433434,0.06545333530251256,0.1907250699266496,-0.35005673653068076,-0.3283747486896912,-0.40122497860957274,-0.3842059499835403,-0.0040881938156714865,0.03485181970810915
232,0.0496482408901894,0.05095712060096463,0.06556402366692221,0.1907810570062742,0.117325277328553,-1.026774170937337,-1.009856565597327,-0.662366585600021,-0.7778717869321502,-0.8609690276032363
233,0.04963354915333275,0.050909149251962584,0.06545333530251256,0.19076344171427356,-0.23414370178597205,-0.8240489797904924,-0.6984361232281064,-0.5745263848790271,-0.0040881938156714865,0.18415529425999122
234,0.049643862881093535,0.05099475827381176,0.06565468891899345,0.19074614737910872,-0.2786152868984222,-0.43419284296963756,-0.6179167693075476,-0.5769663904546103,0.3183216366495272,-0.0397999175678425
235,0.04957868878381195,0.051043647867106134,0.06545333530251256,0.1907200523592637,0.2679548398062066,-0.3361718714261083,-0.7410640164801671,-0.572086379303444,-0.5199439225599876,-0.7863172903272952
236,0.049721123511279074,0.05101947753730899,0.06545333530251256,0.19072266944483626,-0.8601888547883342,-0.6875993319031932,0.19082909433571354,0.6674364530928034,1.0921052297660059,0.40811050608783556
237,0.0496352684275685,0.050947327452150616,0.06545333530251256,0.1907116828252486,0.05908184650386027,-0.6430443448379527,-0.7019884476657782,-0.33784584404746015,-0.06857015990871672,-0.11445165484378353
238,0.04980737309595683,0.05108320870022916,0.06549916547595717,0.19076863966262245,-0.8561720664555968,-0.6614232770023644,0.09846865895624889,0.9065569994999535,0.9631412975799245,1.0053244042953957
239,0.1125631976624835,0.09255791247809689,0.06545333530251256,-1.6086273603775743,-0.35005673653068076,-0.3283747486896912,-0.40122497860957274,-0.3842059499835403,-1.2292455495834302,-1.532834663086748
240,0.04943740040241066,0.05070485685527122,0.06545065950973056,0.19068975228824359,-0.35005673653068076,-0.3283747486896912,-0.40122497860957274,-0.3842059499835403,1.3500330941381593,1.6771900397788968
241,0.04943710374210395,0.0507046601664236,0.06545027237841076,0.19068972013545182,-0.35005673653068076,-0.3283747486896912,-0.40122497860957274,-0.3842059499835403,0.25383967055648193,0.5574139806397176
242,0.049688131183460146,0.05101241762235408,0.06545333530251256,0.1907692066075605,0.6868484802202528,-0.30943887918696394,-0.5267404420739734,-0.4598461228266184,-0.7133898208391141,-0.7116655530513436
243,0.04943665840497658,0.05070436490330819,0.06544969122904237,0.1906896718686915,-0.35005673653068076,-0.3283747486896912,-0.40122497860957274,-0.3842059499835403,1.8014068567894392,1.6771900397788968
244,0.049583275418350066,0.050969850836938745,0.06545333530251256,0.1907470085086598,-0.6731212838637054,-0.34118430747094786,-0.5646319027424718,-0.5306062845185301,-0.0040881938156714865,-0.7116655530513436
245,0.049627457407428965,0.05091152267243259,0.06559909728366396,0.19079725144533222,0.319312347774778,-0.6781313971518296,-0.8961821835918321,-0.5769663904546103,-2.2609570070720624,-2.652610722225927
246,0.04969996984479317,0.05116158691159552,0.06563259123190258,0.19073463827145282,-0.6843109085049025,-1.0223186722308129,-0.5433179561164415,-0.186565498361304,0.9631412975799245,-0.11445165484378353
247,0.04969973828722772,0.05110888724129593,0.06597566607908785,0.19076745965450945,-0.7425543393295952,-0.15071173776704447,0.6976273807768786,1.0700373730640256,0.38280360274256325,0.18415529425999122
248,0.04959393875091939,0.05099487441286568,0.06552664485690553,0.19073411723082914,-0.6980827542171452,-1.0824679047688877,-0.7221182861459179,-0.4891261897336163,1.0921052297660059,0.10950355698405018
249,0.049617491963647425,0.050939112148922515,0.06545333530251256,0.19071490356975354,-0.1202390612076321,0.1344401794504951,-0.08625221180268045,-0.3158857938672117,0.06039377227736458,0.10950355698405018
250,0.049691815668539904,0.05114093680162778,0.06545271973760179,0.19068992339834073,-0.10331116751966722,2.2747503705969887,2.9415123172395137,0.6259563583078896,-1.0357996513043128,-0.6370138157754026
251,0.0496765798995703,0.050948880437727904,0.06545333530251256,0.19071276987507896,-0.24275110535612368,-0.06995582371129595,-0.07441113034377471,-0.32076580501837804,1.2855511280451233,1.0053244042953957
252,0.04959744193000308,0.0509680905949267,0.06545333530251256,0.19072216664504996,-0.2241017309541285,-0.7806078674018829,-1.0335387285151385,-0.6892066469314359,-0.0040881938156714865,-0.18910339211973518
253,0.04958010809660244,0.050922928289401204,0.06570401592171503,0.19074505901102068,4.182888896963508,1.3819798172772308,0.4537011027234207,-0.11580533666939224,-1.0357996513043128,-1.4581829258107963
254,0.04993535232645085,0.05103500412435813,0.06544941327800208,0.19068964878375505,-0.6524635152953415,-1.01897704820092,-1.009856565597327,-0.5842864071813597,0.5762495010216806,0.856020929743503
255,0.1125631976624835,0.09255791247809689,0.06545333530251256,-0.6166082974093299,-0.35005673653068076,-0.3283747486896912,-0.40122497860957274,-0.3842059499835403,-2.2609570070720624,-2.279352035846201
256,0.04965761710853978,0.05104437632334701,0.06552566431465215,0.19131938968073453,1.393516313329702,-0.2387078372208946,-0.7434322327719483,-0.4500861005242857,-1.3582094817695114,-1.1595759767070217
257,0.04960110767209895,0.05104919274627729,0.06545333530251256,0.19071744709285426,-0.18938520322118357,-0.4364205923228996,-0.44503698000752395,-0.44276608379753624,0.38280360274256325,0.930672667019444
258,0.04970821505209371,0.05102102472574399,0.06545333530251256,0.19070881149607316,-0.620329208633442,-0.8218212304372304,-0.2354498381848926,-0.09384528648914377,0.25383967055648193,-0.18910339211973518
259,0.049702062943929655,0.05101739972787148,0.06545333530251256,0.19071698367434659,1.018520431123429,1.8971468552190747,2.971115020886778,2.8292813930594867,0.38280360274256325,0.3334587688118839
260,0.049711413666689554,0.05098844716831354,0.06545333530251256,0.1907470682791071,0.4997809092956239,0.8941027089128467,0.8562978723262153,0.05255504804584607,-0.3909799903739154,-0.5623620784994616
261,0.04971659194069034,0.052196060043935094,0.06545333530251256,0.19074333799362253,0.7175482196204602,1.4332180524022575,0.5815847824796025,0.006194942109765953,-0.4554619564669515,0.10950355698405018
262,0.049590251597124185,0.05096331403518509,0.06545333530251256,0.19072748826793692,-0.1391753490619657,-0.8240489797904924,-1.0039360248678741,-0.647726552146522,-0.2620160581878341,-0.18910339211973518
263,0.1125631976624835,0.09255791247809689,0.06545333530251256,-1.0134159225966275,-0.35005673653068076,-0.3283747486896912,-0.40122497860957274,-0.3842059499835403,0.6407314671147258,0.5574139806397176
264,0.1125631976624835,0.09255791247809689,0.06545333530251256,-1.6086273603775743,-0.35005673653068076,-0.3283747486896912,-0.40122497860957274,-0.3842059499835403,-0.0040881938156714865,-0.11445165484378353
265,0.049646215332312366,0.05095807379889815,0.06545333530251256,0.19071707456919265,-0.6782857260057964,0.4914370133107351,0.7580168962172978,0.5893562746741422,0.8341773653938432,0.7067174551916103
266,0.049601261780284574,0.050952675682699046,0.06545333530251256,0.19070789118601245,0.43780760359053217,-0.3517661168989425,-0.4249071415273842,-0.4378860726463699,-0.6489078547460688,-1.1595759767070217
267,0.049616228157787094,0.05095574991697958,0.06545333530251256,0.19077025929242655,1.7814233008912022,-0.44867321376584074,-1.026434079639795,-0.6672465967511874,-2.003029142699909,-1.8314416121905228
268,0.04943813112113456,0.05070534132933291,0.06545161307209664,0.19068983148538063,-0.35005673653068076,-0.3283747486896912,-0.40122497860957274,-0.3842059499835403,1.2855511280451233,0.781369192467562
269,0.04966740338419241,0.05126173910142058,0.06545253132940337,0.1906899077502925,0.0889208455470526,1.782974700864396,-0.10638205028282018,-0.6086864629371914,-0.19753409209478887,0.3334587688118839
270,0.049631644616076165,0.051161310755301725,0.06557037815349236,0.19073857888872348,-0.3385801984371452,-0.9760928731506259,-0.9388100768438927,-0.5769663904546103,0.25383967055648193,-0.0397999175678425
271,0.04943867233672408,0.050705700160859096,0.06545231933950327,0.19068989014369037,-0.35005673653068076,-0.3283747486896912,-0.40122497860957274,-0.3842059499835403,0.5762495010216806,0.4827622433637766
272,0.04955247378235263,0.0508980508503506,0.06549227291106959,0.19074024732406822,0.6638954040331817,-0.8479972853380593,-1.009856565597327,-0.6306465131174399,-1.6806193122347102,-1.3088794512589144
273,0.05363494243929282,0.05773355337699872,0.06543412488255136,0.19068837902186744,-0.9382293138243757,-1.5040694698737265,-0.8180310459630543,-0.3451658607742097,0.06039377227736458,0.03485181970810915
274,0.04972594668516888,0.051020046248933346,0.06545333530251256,0.19073520118125475,-0.6874669564806247,-0.22645521577795344,0.5448774299569947,0.6576764307904708,0.9631412975799245,0.6320657179156692
275,0.049635566796069376,0.0509662701036766,0.06545333530251256,0.1907014340308995,-0.4590838484192681,-0.7783801180486208,-0.5421338479705509,-0.4574061172510352,0.12487573837040981,0.40811050608783556
276,0.04959047838579874,0.05092555485463532,0.06545333530251256,0.19074282217769145,-0.00461293991526182,-0.866376217502471,-1.007488349305546,-0.6526065632976883,-1.1002816173973489,-0.935620764879188
277,0.04959971036130621,0.0509146370498324,0.06545333530251256,0.19071068410592584,-0.17303113643789544,-0.46538133391530595,-0.7055407721034499,-0.6038064517860251,1.156587195859042,0.40811050608783556
278,0.049663088689131885,0.051009306210460584,0.06545333530251256,0.1907197022451356,0.05793419269450672,0.6613029014969647,0.9687881461858198,0.15991529337150528,0.38280360274256325,0.3334587688118839
279,0.049600652044522894,0.05090252294566449,0.06553576281774315,0.1907549395667029,0.9531041639902766,-0.044893643487098144,-0.641598932225359,-0.6233264963906904,-1.2292455495834302,-0.4877103412235099
280,0.04960664941556984,0.05093800272888733,0.06582113834777568,0.190758271018443,1.8000726752931975,0.5170561308732484,0.8634025212015588,0.4697960014705671,-0.19753409209478887,-0.6370138157754026
281,0.1125631976624835,0.09255791247809689,-17.97451415850928,-2.6690615311367316,-0.35005673653068076,-0.3283747486896912,-0.40122497860957274,-0.3842059499835403,-1.5516553800486288,-2.1300485612943083
282,0.04963082258598559,0.05095997918309765,0.06545333530251256,0.19071265173121565,0.020635443890516306,-0.013148215203114245,0.44896467013985836,-0.21096555411713563,1.0276232636729605,0.930672667019444
283,0.04968795926272987,0.051161484261108905,0.06586638440847721,0.190770918177977,-0.48691445329609173,-0.34675368085410296,0.14701709293776236,0.04035502016793025,0.5762495010216806,0.930672667019444
284,0.049651377121528,0.05099392584049837,0.06545333530251256,0.19071141235098957,0.045883827696294434,-0.43140815627806,-0.26505254183215693,-0.4330060614952036,0.3183216366495272,0.4827622433637766
285,0.04968774318637273,0.05094448266108403,0.06545333530251256,0.19072028429710533,-0.7548916177801459,-0.017603713909638302,-0.1359847539300845,0.4014758453542385,0.18935770446344588,0.40811050608783556
286,0.04970698277473703,0.051052906602456365,0.06545333530251256,0.19072441799756837,-0.0008830650348627793,0.48642457726589555,-0.07796345478144644,-0.3012457604137127,-0.06857015990871672,-0.18910339211973518
287,0.04974322251330134,0.05106706469725768,0.06545333530251256,0.19072234933384027,-0.6940659658844077,-0.23759396254426357,0.06531363087131285,0.7186765701800498,1.3500330941381593,1.0799761415713367
288,0.04961757198431191,0.05100145667976231,0.06545333530251256,0.19070052804096005,-0.02182774705556509,-0.743293065734744,-0.4852966569678034,-0.335405838471877,0.06039377227736458,-0.33840686667161723
289,0.049662402714658674,0.05097945821130647,0.06550270767733536,0.19075045795421652,-0.2596789990440886,-0.6218807259819634,-0.4118819519225879,-0.2963657492625464,-0.06857015990871672,-0.4130586039475689
290,0.04964962796427033,0.050945897620158005,0.06545333530251256,0.19074965687335388,0.0011253291315059353,0.12775693139070904,0.29976704375764623,-0.21828557084388514,0.9631412975799245,0.856020929743503
291,0.1125631976624835,0.09255791247809689,0.06545333530251256,-2.9427219623003853,-0.35005673653068076,-0.3283747486896912,-0.40122497860957274,-0.3842059499835403,-0.5199439225599876,-0.6370138157754026
292,0.04978590392923796,0.05162502415730896,0.06536291347946793,0.19068246463236266,-0.9456890635851738,-1.570345013133272,-1.237205329608317,-0.6843266357802694,0.06039377227736458,0.03485181970810915
293,0.04943836208231888,0.050705494458983764,0.06545191446836061,0.19068985651753595,-0.35005673653068076,-0.3283747486896912,-0.40122497860957274,-0.3842059499835403,0.8986593314868793,1.1546278788472883
294,0.04963436263777413,0.05089797477748419,0.06545333530251256,0.1907116447137722,-0.7523093967091005,0.030849834523810807,0.2796372052775065,-0.04748518055306365,1.0921052297660059,1.2292796161232293
295,0.049574890181259115,0.050872508301896734,0.06546119057174382,0.1907268357601831,0.21028523588619064,-0.46872295794519897,-0.7860601260240089,-0.6160064796639408,-0.7133898208391141,-0.935620764879188
296,0.04961439528476117,0.050900373431934126,0.06550197234789074,0.19074421923169455,0.5534337248829024,-0.13344668027926376,-0.27452540699928146,-0.34760586634979285,-0.8423537530251862,-0.7863172903272952
297,0.049725981447826174,0.050987657420933724,0.06545333530251256,0.1907802637867816,-0.7985024625355809,0.09211294173851658,0.8977416574323854,1.3555180254072556,0.9631412975799245,0.781369192467562
298,0.1125631976624835,0.09255791247809689,0.06545333530251256,-0.4113629740365896,-0.35005673653068076,-0.3283747486896912,-0.40122497860957274,-0.3842059499835403,-0.6489078547460688,-0.2637551293956762
299,0.049682436379693995,0.05109286090004477,0.06545333530251256,0.19070788258295082,-0.6318057467269775,-0.8518958467062678,-0.33491492243970067,-0.17436547048338819,1.0921052297660059,1.0053244042953957
300,0.0496276552465683,0.050967854849159624,0.06568625928882968,0.19074195668740745,-0.3787480817645195,-0.33951349545600135,-0.381095140129433,-0.23780561544855044,-0.0040881938156714865,0.03485181970810915
301,0.04968070348859939,0.0510216791522049,0.06545333530251256,0.1907175747325493,-0.7339469357594436,-0.0036802804517506262,0.08189114491378087,0.06719508149934506,1.156587195859042,0.40811050608783556
302,0.049625778758228885,0.05092126277121256,0.06545333530251256,0.19070972043845524,-0.30013379582380123,-0.6875993319031932,-0.46279860219588254,-0.46472613397778473,-0.19753409209478887,-0.2637551293956762
303,0.04971928707395312,0.051074596018903046,0.06545227682004859,0.19068988661228098,-0.428671022471399,1.5696677002895567,-1.0584049995788405,-0.7062866859605179,-1.3582094817695114,-0.935620764879188
304,0.04969391965309393,0.051039979470841323,0.06545333530251256,0.19070520346215458,-0.6034013149454771,-0.04377976881046713,0.5946099720843988,0.8748369270173724,0.9631412975799245,1.0053244042953957
305,0.04974197841543803,0.05101984877748864,0.06545333530251256,0.1907703366403028,-0.7221834842135697,0.19013391328204582,0.6715770015672861,0.9651171333139494,1.2855511280451233,1.0053244042953957
306,0.0495805365489509,0.05092670645210625,0.06571109192046903,0.19076490150698003,-0.21807654845502233,-1.191627623078727,-1.156685975687758,-0.7014066748093516,-1.6806193122347102,-1.3835311885348553
307,0.049581460274330864,0.0509434836619498,0.06545333530251256,0.1907359022725008,0.027234453294299226,-0.4375344669995306,-0.8878934265705981,-0.6696866023267705,-0.8423537530251862,-0.4877103412235099
308,0.04967427353398027,0.05106571835490074,0.06554248013319668,0.1907288446404228,-0.516753452339284,0.7570961236872319,0.7639374369467506,0.21115541045875175,0.8986593314868793,0.03485181970810915
309,0.04969884091951799,0.05093682357765215,0.06557334714273644,0.19076166355828475,-0.7807138284906008,0.06705076151431877,0.42765072351382805,0.57227623564506,0.9631412975799245,1.5278865652270148
310,0.04943735450498482,0.050704826424803805,0.06545059961519585,0.1906897473137649,-0.35005673653068076,-0.3283747486896912,-0.40122497860957274,-0.3842059499835403,-0.7778717869321502,-0.11445165484378353
311,0.1125631976624835,0.09255791247809689,0.06545333530251256,-2.3406690137403476,-0.35005673653068076,-0.3283747486896912,-0.40122497860957274,-0.3842059499835403,-1.7451012783277462,-1.8314416121905228
312,0.1125631976624835,0.09255791247809689,0.06545333530251256,-1.7796651298548576,-0.35005673653068076,-0.3283747486896912,-0.40122497860957274,-0.3842059499835403,-1.6161373461416648,-1.6074864003626892
313,0.049631580097710085,0.05096920195995889,0.06545333530251256,0.19070972321435709,-0.24189036499910854,-0.5595037440906266,-0.5220040094904111,-0.4452060893731194,0.4472855688356085,1.0053244042953957
314,0.04965089571093706,0.05096185713003852,0.06548579743362078,0.19075211983032234,-0.09671215811588431,-0.7444069404113749,-0.46279860219588254,-0.39884598343703925,-0.2620160581878341,-0.4130586039475689
315,0.049661273799496856,0.05119756681645759,0.06545333530251256,0.19071631114349089,-0.7471449545670095,0.1973740986801474,0.932080793663212,0.8626368991394565,1.0921052297660059,1.2292796161232293
316,0.0497421170471547,0.05123876576825452,0.06545232256208627,0.19068989041133866,-0.6389785830354372,0.6056091676654141,1.8746308777921077,2.8097613484548214,-0.0040881938156714865,0.5574139806397176
317,0.049818412537282655,0.05111365768609382,0.06563510912068747,0.19077644946133535,-0.7755493863485098,-0.12453568286621565,1.2600787500749007,2.1119197538380363,0.705213433207762,1.0799761415713367
318,0.1125631976624835,0.09255791247809689,0.06545333530251256,-1.2802348429811898,-0.35005673653068076,-0.3283747486896912,-0.40122497860957274,-0.3842059499835403,-0.06857015990871672,-0.0397999175678425
319,0.04985245519102458,0.05138663277954435,0.06545224650214254,0.19068988409425863,-0.7979286356309041,-0.27713651356466457,1.7147762780968805,7.838612839731723,2.317262585533755,2.2744039379864676
320,0.049597282787704235,0.05098277598238804,0.06545333530251256,0.19070830261704858,-0.5440102303114309,-1.023432546907444,-0.8642112636527867,-0.5208462622161975,-0.2620160581878341,-0.5623620784994616
321,0.0495979707989017,0.050936699558066345,0.06561156731806489,0.19077406996474075,2.0898552621549693,-0.7315973816301182,-1.1081375417062447,-0.6965266636581853,-2.003029142699909,-2.1300485612943083
322,0.04962768841033452,0.05093880455170245,0.06545668498522868,0.19072910861424847,0.5293329948864779,-0.5333276891897978,-0.6629128788513893,-0.5842864071813597,-0.9068357191182315,-0.4130586039475689
323,0.049620825507584884,0.050946722850614544,0.06545333530251256,0.19070395343190216,-0.44272978163598,-0.5494788720009475,-0.2603161092485946,-0.07188523630889529,0.5117675349286446,0.03485181970810915
324,0.04969673355560292,0.05101400393210135,0.06562266751183499,0.1907361665419994,-0.588481815423881,0.09545456576840962,0.10320509153981118,0.20139538815641908,0.5117675349286446,-0.18910339211973518
325,0.0496651591111331,0.050966837332192726,0.06571478212109866,0.19085445268187798,1.8577422792132134,0.018040275742554148,-0.4391164392780711,-0.2548856544776326,-1.164763583490385,-1.08492423943107
326,0.0496315550037467,0.05092218650768746,0.06545333530251256,0.19071586464839307,-0.48662753984375334,-0.7600011858842092,-0.49121719769725625,-0.5159662510650311,1.6079609585103218,1.6025383025029558
327,0.049661182776257404,0.051099469538418124,0.06545333530251256,0.19073659633672072,-0.7178797824284939,0.15114829959996032,0.5567185114159005,0.49419605722639876,1.221069161952078,0.930672667019444
328,0.04962466325386468,0.050910879207662824,0.06545333530251256,0.1907774475607057,0.0608033272178906,-0.6848146452116157,-0.7682985038356502,-0.4769261618557005,-0.7133898208391141,-0.33840686667161723
329,0.0497472714850957,0.050945939039316775,0.06546608752877946,0.19078243595929806,-0.6481598135102656,0.323241937139452,1.0031272824166464,0.48931604607523244,1.9303707889755206,1.6771900397788968
330,0.049765797684111504,0.05137971012356247,0.06545213566541715,0.19068987488882894,-0.8294891153881268,0.4095672245783556,1.4542724860009546,0.5600762077671442,1.4789970263242407,0.930672667019444
331,0.04982926249013618,0.05113529207609658,0.06545234755392997,0.19068989248701043,-0.8676486045491323,0.3098754410198798,2.463132626299722,3.295322457995871,1.7369248906964032,1.975796988882682
332,0.049608789842779145,0.050953568862266194,0.06545333530251256,0.19071658693072085,0.05420431781410768,1.6994341001170699,1.738458441014692,0.6430363973369718,1.156587195859042,0.3334587688118839
333,0.049628039471002076,0.05096149855631132,0.06545333530251256,0.1907056449659041,-0.3491959961736656,-0.9053618311845565,-0.5137152524691772,-0.32076580501837804,0.06039377227736458,0.5574139806397176
334,-18.572065851931402,-18.573298565710523,0.06545333530251256,-1.4170650585630167,-0.04191168871925224,-0.11228306142327449,0.27371666454805366,-0.12312535339614174,0.06039377227736458,0.03485181970810915
335,0.04978045220649685,0.051176624006342604,0.065687316443392,0.19082052177975412,0.3505859140796623,-0.8569082827511073,-0.9470988338651267,-0.5623263570011112,-1.9385471766068636,-1.6821381376386408
336,0.04966606335755001,0.05097192991083665,0.06545333530251256,0.19074373545618217,1.1390240811055519,1.3959032507351186,1.8568692556037492,1.3286779640758408,-0.13305212600175279,-0.0397999175678425
337,0.0495924882564325,0.05091375913226391,0.06545333530251256,0.19071545753767888,-0.13142868584882922,-0.8713886535473105,-0.7540892060849634,-0.49156619530919954,0.4472855688356085,-0.0397999175678425
338,0.049656892197615606,0.05089081894379229,0.06545956403392086,0.19081051028181437,0.47596709275153776,1.274490910982338,0.9368172262467743,-0.17436547048338819,1.156587195859042,1.0799761415713367
339,0.04966754029260735,0.05097626212611333,0.06545333530251256,0.19073623793354313,-0.6280758718465785,-0.6436012821762682,-0.0661223733225407,-0.07188523630889529,1.4789970263242407,1.0053244042953957
340,0.04962004385025917,0.05092652875539746,0.06545333530251256,0.19070077888680453,-0.36612388986163047,-0.6469429062061612,-0.5563431457212378,-0.5257262733673638,0.25383967055648193,-0.18910339211973518
341,0.049613065883736665,0.05100431795575548,0.0657263709727831,0.1907615749832304,0.6664776251042273,-0.8034422982728187,-0.9482829420110173,-0.5867264127569429,-1.164763583490385,-0.935620764879188
342,0.049585367994880315,0.05098032592194393,0.06545333530251256,0.19071475114593392,0.2599212631407317,-0.2877183229926592,-0.40122497860957274,-0.4183660280417046,0.06039377227736458,0.40811050608783556
343,0.04970590654699219,0.05100417012408404,0.06545333530251256,0.19072928463301295,-0.13142868584882922,0.36891079888132355,0.5709278091665874,0.616196336005557,1.0276232636729605,1.0053244042953957
344,0.04965007649568245,0.051055333746723504,0.06545333530251256,0.19071329183361724,0.015757915200763712,0.10325168850482672,0.9687881461858198,0.21603542160991807,0.6407314671147258,0.6320657179156692
345,0.04963803692919902,0.0509723469258374,0.06545333530251256,0.19070247633033,1.2523548947792151,1.5033921570300113,1.4483519452715017,0.1525952766447558,0.38280360274256325,-0.11445165484378353
346,0.04962291731676408,0.05097756743596951,0.06545149363105858,0.19068982156532865,-0.25021085511692176,-0.7828356167551449,-0.5385815235328791,-0.4793661674312837,-0.32649802428087016,-0.0397999175678425
