,Education,"Arts, entertainment, recreation & other services",Year 2020: One person households: Female ratio,Year 2020: One person households: Male ratio,Year 2020: Households with dependent children ratio,pop_ratio_under_10,pop_ratio_teenager,pop_ratio_20_39,pop_ratio_40_60,pop_ratio_60_80,pop_ratio_80_90+
0,-0.8653568193844349,-0.7531408920525208,1.6376531490859938,-0.27477891613277894,-0.8235624830166215,0.007549087838556368,-0.743477576300706,-0.8392410981229216,0.7597369549685508,0.5263916761891259,1.1131124091492561
1,-0.9185694396797386,-0.5647651907967124,1.340777395605768,0.14344768371824787,-0.9100538821934434,-1.5075783690799043,-1.143858330759388,-0.9659072374165626,-0.3780506902150727,1.5886271647847574,1.734242156472697
2,-0.38644323672670144,-0.3889478696246247,-0.7301953600781119,-2.2209324201087357,1.9229685678790416,0.2042640999666484,0.8984918848378098,-0.7830823814914065,1.7949740989130938,-0.12315556873151383,0.20893296094438535
3,-0.7589315787938274,-0.7908160323036824,1.346229205358645,0.8127922733454698,-1.3489358756366865,-1.8023818681864079,-1.7671019066543154,-1.194829189904521,0.773057838065043,1.727083818449176,1.3787274921877546
4,0.09247034593103204,0.07571219347303579,-0.1075900227786679,0.3537351151480868,-0.1413526553366435,0.6663857957681079,0.6907971230401445,0.0643533707642852,-0.03425654798752001,-0.2835674990409886,-0.44134886873415785
5,0.3053208271122469,0.1510624739753591,0.5542013346544956,0.31103485412539356,-0.5273213376918106,-1.3489287304580118,0.22561375057218486,1.3854848980953525,-1.6348205356503938,-0.5115376475747626,-0.014840055958998498
6,-0.43965585702200516,-0.2256889285362575,2.5892410443171614,-0.13300933305553117,-1.5107263322480449,-1.0226721300442545,-1.778001119216169,-1.0338283689735435,-0.6774253267100437,1.5572361678970572,2.395384950750404
7,-0.7589315787938274,-0.6401154712990358,1.7859368735439813,1.576789151322645,-2.1208934052323056,-1.6597980039561488,-1.3796022195466076,-1.1981722657910154,0.3750954167742188,1.6122223767775479,1.8692636099718103
8,0.2521082068169432,0.4650219760683729,-0.8928098370933112,0.9822795897591948,-0.0593654436374021,-0.0656335901266831,0.10675968598864356,-0.013719295341691157,0.5868336191154974,0.02290356273174854,-0.7293751059305174
9,0.09247034593103204,-0.28848082895486027,-1.9399227232296892,-0.9890392160797689,1.877819383030351,3.020946176449971,2.0000348648929456,0.8613487667512846,-1.137625682716893,-1.6553080988614695,-1.1984440310446987
10,-0.22680537584079027,-0.4894149102943891,-0.8229894366789441,0.06425139774640218,0.4942494528207179,0.6468329496375053,0.6603336270099721,-0.11591273535237176,0.4580642036416134,-0.3738644811689234,-0.0804289281589772
11,1.2631479924277138,1.2310831611753268,-2.0545578839688803,-0.03694271792337867,1.330057761828276,1.762010709807834,0.35708667898585883,1.141341607975105,-0.515315137347245,-1.382517786350167,-1.4231130666147729
12,-0.5992937179079163,-0.5898819509641535,-0.43538144839977283,-0.7234633244818902,0.7644032600560321,0.0805662195537863,-0.003795080291179767,-0.2082471288613323,0.33197973417150073,0.08587906629542086,0.07621920188485405
13,-0.43965585702200516,-0.26336406878741914,1.2008532020004403,-0.5558113144911375,-0.367638062966379,-1.1157668334445086,-0.006290426921526398,-1.0174360005573948,0.268760911670571,0.9945896035536398,1.7253312098756406
14,-0.8121441990891312,-0.6777906115501974,-0.3104426283246429,-0.8701591012229698,0.7817318272699898,-0.13695802052500347,-0.5656545705740924,-0.40324589045444187,0.9505260669068271,0.3800048522970614,-0.31816094919874016
15,-0.33323061643139773,-0.3638311094571836,-0.16907004959070088,-0.18406993910790895,-0.07771477311968725,-1.271012718060048,-1.323680399132466,-0.946143340587734,-0.5529187546990098,1.4749743155583241,2.1176814196960394
16,1.848486815676055,1.2310831611753268,0.8224902512368801,0.30613093376945366,-0.6918640326151937,-0.5746057004828279,-0.4660694589209683,0.04638041409535492,-0.2640030422622213,0.0951701458945142,0.9416403947374853
17,-0.9185694396797386,-0.7908160323036824,-1.3334522578093226,-0.6958164357450509,1.3078866001215836,-0.2270366191155823,-0.06846736381409378,-0.2679885838008896,0.08656122767633789,-0.022545925023497216,-0.08272593919384719
18,0.3585334474075506,0.11338733372419744,-0.42237566079596633,0.06885176413751777,0.24079431884063976,0.9086525994398923,1.6248737997844005,0.6139046347283675,-0.8961713628981806,-0.883111515535303,-0.39035836071151464
19,3.338440183944559,3.366007775407821,0.19485934274445244,1.1905583614034785,-0.8748774490183037,0.571020412874999,0.522810718595059,1.4421002589393455,-1.7171572123144208,-1.029190785161148,-0.8481788616765695
20,-0.33323061643139773,-0.3638311094571836,-0.16907004959070088,-0.18406993910790895,-0.07771477311968725,-1.4041244564371682,-1.1188382432356179,-1.1022304229312145,-0.23392544670911444,1.7492467111548557,1.4126375722686226
21,-0.5460810976126126,-0.6149987111315947,0.43599852438707215,1.0762679297781181,-0.9512797071496907,-0.6566977546946031,-0.5698870437636906,-0.6120691777040803,-0.04886352314692842,0.984010318050818,0.497196059557574
22,-0.4928684773173089,-0.46429815012694803,-0.6106655290246424,-0.6299106760514686,0.8131251075971742,0.7379910233785817,0.7474716820489135,-0.15923613965774347,-0.12307699628436933,0.012748623674423167,-0.5319391455940568
23,-0.12038013525018283,-0.3763894895409041,0.9690522025750885,0.799536884115397,-1.1045023881920315,-1.213416375357206,0.42333367567951,2.3319600489542784,-2.7716827172631313,-1.1121256567423112,-0.48355323663947436
24,4.77518093191776,5.563724290058918,0.48282613788132267,2.3755975362285073,-1.8258960153988175,-0.4251068056314828,-0.35453338154480907,2.582723595313633,-1.3672640572261952,-1.7689649469608766,-1.600787081635272
25,1.5824237141995363,0.4147884557334907,-3.3887272257151917,-1.403317127991039,3.053134175944645,2.193851858632187,0.29994145892002994,2.6961704962701583,-1.7569417593329308,-2.4975765262200706,-2.6019415996647632
26,-0.65250633820322,-0.5019732903781097,2.6181753805539247,0.5430275197435771,-1.9686434744170846,-1.825508227677201,-1.8101021140906388,-1.48149716166325,-0.8659266288338382,2.294463271797554,2.943711133391567
27,0.4117460677028544,0.012920293054433016,-1.1240351650434337,-0.29612491371603555,0.9169217790303973,1.1703585585924354,0.9112421049947995,0.3856893616001697,-0.17281516471542657,-0.6438724800825192,-1.0616939452533105
28,-0.43965585702200516,-0.3261559692060219,1.0608501758364286,0.5506248464980428,-0.9999527076992651,-0.010287171526961842,0.03790863755011386,-0.6301893682141279,-0.666992805085198,0.8636862069134338,0.63442809471584
29,-0.43965585702200516,-0.3261559692060219,-0.9782260646638596,-0.8637504044672559,1.1950579144324387,1.2449389213213085,0.909472219138216,-0.5145775506490808,1.5774978370840398,-0.6144150275700717,-0.14327838881241528
30,0.7310217894746767,0.49013873623581405,-1.0690833287415102,-1.0437182913529461,1.36894807388087,1.5468409535834848,-0.6557586693063648,0.9555487237393144,0.9443531945738488,-1.4939766062118849,-1.378899984525422
31,0.9970848909511952,-0.06242998744789031,0.42321309103693927,0.6979153456559157,-0.6971312703019994,-0.30366002484003873,2.3414788048480863,2.7503610059501726,-3.665711117079637,-1.7263154203213926,-1.2821993737265491
32,-0.9717820599750423,-0.6777906115501974,-0.22280521745950893,0.9762960038869394,-0.47435678165972883,1.219241447516442,0.6976971513760201,0.021235218587655015,-0.787031694014665,-0.06542037829787974,-0.5876582498194787
33,1.6888489547901437,1.645509703938105,-1.402689918233791,-0.628958300565228,1.307676013495861,1.7032488552688663,0.6991560306382705,0.6379900500861674,0.6203707603364007,-1.3464050446859424,-1.3115241974078293
34,0.2521082068169432,0.4273468358172113,-0.5075579095023843,-0.180466083899591,0.45625535379515386,0.26719624353922095,0.32341970625596855,-0.10156815357341455,-0.1100100928808707,-0.03449458719389584,0.21153594468887654
35,0.7842344097699804,0.716189577742784,0.6868914718675704,0.7216625097977244,-0.8774317844669016,-0.130432241356144,-0.03961058159090134,-0.43316397234569437,-0.012891070131102005,0.4741267762326545,0.4291186902502524
36,-0.5460810976126126,-0.42662300987578633,1.5511094182311573,0.8155633950245236,-1.4788290584397892,-0.8276145534955419,-1.3849671346374626,-0.9926143094338995,-0.38045882694233046,1.461664466344268,1.6437584384985529
37,-0.17359275554548656,0.00036191297071246217,-1.0660475286461668,-0.18221429301756492,0.8065582363396787,1.5805062581072213,2.171439010432645,0.3097566788856699,-0.7897349384838575,-0.734837820936336,-0.9840907767807535
38,-1.1314199208609534,-0.6777906115501974,2.1069434389045347,0.09872318993722959,-1.3599602460754305,-1.5909201076972341,-1.2462703055335944,-1.300331602062745,0.46606288693074277,1.707390640264629,1.6623265132092682
39,-1.024994680270346,-0.8284911725548441,-0.19602638422262167,-0.5898729503334156,0.527845930759252,0.6250288974780908,-1.043812796742873,0.0643404543124308,-0.7244559357139126,0.23881827731774755,0.07419326631956906
40,0.2521082068169432,0.4524635959846524,-0.7175563021046604,0.8339630531925482,-0.07243897598351251,1.3254975786865195,1.099435623166036,0.1587076931735256,-0.3594308629466851,-0.4737826958894305,-0.7870038257611682
41,1.4759984736089289,0.5654890167381373,-2.6087898836037056,-2.2680640617264487,3.128122142723966,1.5773291075194018,0.31621381990417313,0.4203146032087766,-0.27249584690404755,-0.8202566396427461,-0.5399391739481854
42,-0.33323061643139773,-0.3135975891223014,1.1237301347005635,-0.23336821861007825,-0.52920151836821,-0.6273807189030555,0.3426065559539956,-0.9625987583298242,0.5964336654405561,0.8568319372564281,0.7121457762344622
43,0.2521082068169432,0.07571219347303579,-0.8287112433723712,-0.7952239092837691,1.0569987107128327,1.2771894267708905,0.6367743473113967,0.049314467446486196,1.5471402604259556,-1.0431249538911558,-0.7458610999537553
44,-0.65250633820322,-0.6149987111315947,-0.5072698934263005,0.5169499572906878,0.0023385431940255975,0.3811879331042799,0.7829498506565458,-0.013878987131641481,-0.06970175616275928,0.06364061791789385,-0.9481788680595188
45,-0.28001799613609396,-0.5647651907967124,-2.6256600643328825,-0.2381356670784487,1.8180041058867757,3.5831639884132924,3.0287795293625073,0.5332205529386127,0.1881430585458981,-1.9824450807218972,-2.0389988314472696
46,0.4117460677028544,0.1510624739753591,-0.9348724350616988,-1.4001238282248487,1.516916306080828,0.9354596137496791,0.741129960994262,0.3420938561497805,0.17415941923841943,-0.8858272857389006,-0.2003143912095435
47,-0.5460810976126126,-0.4768565302106686,0.48720591997936147,-0.05643493119034225,-0.24636135035845033,-0.554309224217261,-0.38235279845042025,-0.44869044011812415,-0.5200446380487491,0.70333419233173,1.162500211903985
48,-0.06716751495487912,-0.17545540820137528,0.363038515602025,-0.15709829820661725,-0.10324110097641163,-0.6741835150302133,-0.013587468736690759,-0.9221503802110168,1.2370733737293915,0.7467048212420022,0.3416318724284494
49,-0.7057189584985237,-0.7029073717176385,-0.3435057928545009,-0.6199255052005312,0.6396015745889679,2.312855861920429,0.4596299115933993,0.39184346714314283,-0.46815453299303134,-0.9396684158085262,-0.7170013021556619
50,-0.9185694396797386,-0.7782576522199619,0.26978439069445065,0.07298736652252534,-0.194632020573378,-0.7389827254945129,-0.5345752961099249,-0.9490756202590651,1.2187451650225745,0.9158730152270207,0.36369617997155007
51,3.6577159057163815,2.5497130699659847,-1.5124936369992088,-0.9969525756814711,1.6157408148516337,1.2567548194417397,0.7810272823994745,0.6893118261768686,0.23042178973179095,-1.2366675244350152,-0.8818681823034916
52,0.4117460677028544,0.4775803561520935,1.1184389688896939,0.2637881613401725,-0.8493419231793475,-0.5416495618468614,-0.6718958958139851,-0.5666447647099985,-0.20576208356998724,0.7571852228112709,1.2052492201613945
53,-0.8653568193844349,-0.7029073717176385,0.6251494427517205,-0.20033249372750683,-0.23898378148890043,-1.1549823761086089,-1.036862731319667,-1.1505998238267185,0.9975993376976121,1.3666700558271654,0.8158766284042364
54,-0.43965585702200516,-0.4894149102943891,-1.1198997891716966,0.17781679839885572,0.6059913295241027,1.8118461841667441,0.945457024368498,0.6995320935375763,0.4574673803290585,-1.4997063328738311,-1.1300027003322117
55,-0.013954894659575395,0.07571219347303579,1.1286479673409648,-0.733393166047269,-0.2069614258976052,-0.5204432749324048,0.015861660349126346,-0.8974888959680377,1.1198526715500172,0.5655411943761108,0.7931640388106537
56,0.14568296622633575,-0.06242998744789031,0.18890374108763616,1.0104725687140752,-0.7539907642741638,-0.5756227356079946,-0.4298807081577167,0.8066703513594895,-0.5351575960550303,-0.4342556205331526,0.054323844437132646
57,-0.7057189584985237,-0.6777906115501974,0.6345582470469192,1.625616902922713,-1.4328232234797338,-0.5120762926602802,1.5395599927176338,1.9894646773396913,-2.7363748100517773,-1.1091667806357373,-0.796323996099136
58,-0.5992937179079163,-0.3638311094571836,-0.5892726423566464,1.015663796930387,-0.2708553614859374,1.0495819652282423,0.189546199395716,0.5510243366667297,-0.5970563197257696,-0.6673462146973176,-0.40648686007698853
59,1.422785853313625,2.034819486533442,-0.6290325709983812,1.7378322206641905,-0.7158381797012655,-0.27042745437396093,-1.8180671079386144,3.3813328167897487,-1.1014380523824863,-2.362191019162977,-2.2904889143875953
60,0.2521082068169432,0.2012959943102413,-0.4230136836275951,-0.38118624464683065,0.5339865607433051,0.9170471784075033,0.4384816335880211,-0.11326886351075462,0.8035064937016315,-0.49896246506046826,-0.31017008708797905
61,-0.33323061643139773,-0.3638311094571836,1.0067420938319513,0.3814320830801102,-0.85604825405375,-0.2270366191155823,-0.06846736381409378,-0.2679885838008896,0.08656122767633789,-0.022545925023497216,-0.08272593919384719
62,-0.7057189584985237,-0.6149987111315947,0.2961110952410615,-0.05833147820735441,-0.12565573334558225,-0.5077550365961059,-0.5140722913000878,-0.23434807937745403,0.6550089751719664,0.2776253025943278,0.1467707805263259
63,3.232014943353952,3.0143731330636454,-1.6149717466236655,2.015226420062672,-0.27990472101452835,1.353444664915798,-0.45919386911350457,2.9745921556785326,-1.371677459262789,-2.5438099147547772,-2.5652626032593924
64,-0.33323061643139773,-0.3638311094571836,-0.16907004959070088,-0.18406993910790895,-0.07771477311968725,0.9708729734663145,0.42560588268694277,0.45680402725900077,-0.44906763417874596,-0.5666191021996391,-0.6432479045206988
65,-0.33323061643139773,-0.3638311094571836,-0.16907004959070088,-0.18406993910790895,-0.07771477311968725,-1.1451445562062872,-0.005758127656679272,0.2638533993718318,-1.5384512597922257,0.5384600663575583,0.7355650639139368
66,1.050297511246499,1.0552658400032389,-1.8901184404479745,-1.2992586785345162,2.048509776029686,1.8136789143170768,1.7808992861178135,0.586898189657802,0.12340490727707709,-1.3928835113092743,-1.1703255622338362
67,-0.33323061643139773,-0.3638311094571836,-0.16907004959070088,-0.18406993910790895,-0.07771477311968725,-0.14591232826153722,-0.22215574100302268,0.1274192216594109,-0.5203864016090262,0.17618458503612258,0.0583794474581882
68,-0.7057189584985237,-0.6652322314664769,0.3009512315666538,0.09843475999076183,-0.23067340271852224,-0.44951431368808226,-0.5804287741576847,-0.15608072761117073,0.7943270755318378,0.08287407971409823,0.2619736946095716
69,0.3585334474075506,0.125945713807918,0.8372406540393373,-0.6714718466058326,-0.06506054621443191,-1.0387725388620066,-0.3369899306060541,-1.1966417394283675,0.4372506896714564,1.2795968647000853,1.4144310188689437
70,-0.38644323672670144,-0.45173977004322746,0.36434715281202845,-0.8775432437668597,0.36466002307288353,-1.0174673501774005,-0.7236150166947388,-0.6549299627851384,0.5847607992288879,0.7018101401130392,1.2274422186717269
71,-1.024994680270346,-0.6401154712990358,0.2572825480927043,0.00933445990172251,-0.14540353154701138,-0.03241552530053133,-1.2585984754969848,-0.3226955726946439,-0.3660854739275907,0.633969307848985,0.7080061233895646
72,-1.024994680270346,-0.7531408920525208,-0.45415404284576993,0.6386410284886277,-0.11004111556142272,-0.3712729629368191,0.31426352850622186,-0.09008543152434699,-0.135986182486315,0.20840358482758778,0.15386336713382798
73,1.9016994359713586,1.1431745005892828,-1.4299139182147924,-0.7882545875833414,1.4283340280039756,1.589677762604708,1.2574936761875293,0.4086676207996892,0.6118518613142119,-1.1810124985697756,-1.2074289258656319
74,-0.22680537584079027,-0.2005721683688164,0.9772028778176255,2.302581360072059,-2.087474298730825,-0.5950033886180911,0.5216861155972489,2.3397373515149678,-2.78309035731209,-1.2643344171586337,-0.7807098998404763
75,-0.33323061643139773,-0.3261559692060219,-0.519742380603924,-1.3309120871759488,1.2123496892896044,0.7394449577901178,0.9639307181847027,-0.4492340180875876,0.5474561006482018,-0.05864097398499215,-0.24675292604876586
76,-0.33323061643139773,-0.3387143492897425,-0.6996077270707971,2.1301398180908264,-0.9269489944275172,0.9340040536843556,1.1935217688766016,1.1198789202659563,-1.1954859457674287,-1.0725097774620975,-1.055198667951636
77,-0.12038013525018283,0.10082895364047689,-1.0535135033721073,-0.2636226509061839,0.8516860420069623,1.4186862446231214,1.3711621449935871,0.23434151559007388,-0.7311333777507006,-0.64396802898809,-0.3219960410485504
78,-0.5992937179079163,-0.6275570912153152,-0.7418800317402542,-0.6279312338285583,0.8938720771474821,1.7328343694258905,0.9077288826666688,0.5293863846035575,0.4029887841890963,-1.2182824977424431,-1.1883646787631585
79,1.6888489547901437,1.4822507628497377,-0.1915193452753587,-0.4404639866123917,0.42782313283132894,0.8398762563236941,0.1687871640336877,-0.1281591594276943,1.3362752920019259,-0.66007890455359,-0.18219866550976835
80,2.167762537447877,1.9594692060311187,-0.5979557433918561,1.7156323193808167,-0.7208241016219128,0.25518406862698745,-0.33049072394263085,2.7230791130100136,-2.852246952085961,-1.6616393639746023,-1.2606769832257825
81,0.3585334474075506,0.13850409389163856,-0.6595446414049605,2.127985697516311,-0.9505948130183056,1.121952325983796,-0.025751073625720888,1.7351390523716705,-1.8485444957902215,-1.2639140065853856,-1.2895530690208765
82,-0.9185694396797386,-0.5145316704618302,1.6543204712057695,-0.10760000296954153,-0.9427489167095593,-1.590811239429726,-1.223680512658449,-1.1544313073544588,0.314219880126299,1.6515287371878822,1.469264392319024
83,-0.9717820599750423,-0.8410495526385646,1.194165008143062,-0.07570297740059899,-0.675813646802002,-1.487256836500227,0.44166796236557815,-0.9380210948406817,0.29881280295954415,1.0720565883786544,1.238543784409017
84,-0.33323061643139773,-0.3638311094571836,-0.16907004959070088,-0.18406993910790895,-0.07771477311968725,0.03872245221206755,0.7055130809485805,1.9973225769093954,-2.272766851345542,-1.243710233855393,-1.0681994505537173
85,-0.33323061643139773,-0.3638311094571836,-0.16907004959070088,-0.18406993910790895,-0.07771477311968725,-0.7992525900786214,-0.24697889314557192,0.791968348524051,-1.230558747908876,-0.07760547213588759,0.03536240843557545
86,-0.33323061643139773,-0.3638311094571836,-0.16907004959070088,-0.18406993910790895,-0.07771477311968725,0.0002755560738228999,0.33161430198346764,-0.15486777188902395,0.039286509147835026,0.18348256098640953,-0.18897554882952852
87,0.14568296622633575,-0.12522188786649308,-0.6694943780110936,0.603718871297502,0.047309059770524936,0.9979519722056028,0.26982375035110134,0.001995483698517119,1.073379741951399,-0.5913503951868867,-0.7989780558415979
88,0.039257725635728324,0.02547867313815357,-0.65396084830829,-0.39439095853955464,0.6869647620083575,1.1785335636141976,0.8815668272658714,-0.22110916840683598,0.4807367191165408,-0.4416485141358306,-0.24653118246561262
89,-1.024994680270346,-0.7280241318850796,0.08458889761692019,1.2832948250733986,-0.8662708621813893,1.1064731776493404,0.7544158929893566,0.029703406783331682,-0.6949230870398505,-0.09100743562842241,-0.5744868555524277
90,-0.33323061643139773,-0.3638311094571836,1.6995131977637887,-0.10976257694511747,-0.9695962667596675,-0.2270366191155823,-0.06846736381409378,-0.2679885838008896,0.08656122767633789,-0.022545925023497216,-0.08272593919384719
91,-0.06716751495487912,-0.16289702811765475,-1.0599441460129246,0.8212355792663746,0.14990100671775033,1.4752503744765821,0.6140132459108307,1.3843438697275916,-0.615445077105143,-1.603502247947255,-1.367215312571957
92,-0.7057189584985237,-0.577323570880433,1.09360432355985,-0.25532232375306774,-0.4960837066014947,-1.1829395295756258,-0.4181674408859296,-1.1327351630598304,0.4761082823579089,1.2633159494857529,1.3880208091058643
93,-0.33323061643139773,-0.3638311094571836,-0.5043295028093171,-0.5501404523660094,0.6947459805534175,-0.2270366191155823,-0.06846736381409378,-0.2679885838008896,0.08656122767633789,-0.022545925023497216,-0.08272593919384719
94,-0.5460810976126126,-0.40150624970834525,-0.3556558435522708,0.0689048284273545,0.19904682927606837,-0.20217688443285975,-0.35421906109752244,-0.2327827083741533,0.9751876695911195,0.21303190935722735,-0.5459475320403212
95,1.2631479924277138,1.0175906997520774,-0.8498553643568596,0.4356319082401032,0.26942689999286445,0.6253891042632002,1.115834101996515,0.11318236192217167,-0.06309672621919317,-0.36841388565388733,-0.5678048457715665
96,-0.7589315787938274,-0.6526738513827564,-0.08035290925731575,-0.13377987432191452,0.15879457051604404,1.077886537445091,0.04230330832075311,0.3246875569606293,-0.7227611913639065,-0.2576616703311839,-0.6094628482386849
97,-0.06716751495487912,-0.13778026795021361,-0.44020012227167216,0.5715670640696159,-0.07512693538979058,0.09763582456763893,-0.5038386673286372,0.02601839188357411,0.10356590537117694,0.15292905872608037,-0.4037777149661811
98,-0.8653568193844349,-0.7656992721362413,-0.376067212461207,1.1719265544938882,-0.5058146260894254,0.979256232923144,0.8198240997324905,0.056543111802740756,-0.4131008849464692,-0.20059452748604617,-0.6094206206437052
99,-0.33323061643139773,-0.3638311094571836,-0.16907004959070088,-0.18406993910790895,-0.07771477311968725,-0.3320545698866898,-0.5514165943306482,-0.016269971601580027,0.262592806183828,0.22334042896977307,-0.1610233641916336
100,1.7420615750854476,1.4069004823474145,-1.1864638888029884,-0.1236719457153093,0.8437545967239436,1.9869535157229063,2.9947625119788284,0.2397432930453444,-0.8003793358045116,-0.9634149467336389,-1.0012585738247455
101,0.4117460677028544,0.11338733372419744,0.23403934951513714,-0.4787474639277383,0.18667263171972953,0.3201622344630609,0.5451287215022794,-0.39137475772922264,0.16300301173995718,0.03492913410928843,0.5208722337569172
102,-0.38644323672670144,-0.2508056887036986,0.1352328196510842,-0.5104810584612648,0.2690918633401824,-0.7268521144003953,-1.117744854846351,-0.9415187156776196,0.4583475656163034,1.1386218369921874,1.0446624903216775
103,1.2099353721324102,1.6957432242729873,-1.4343561111167553,0.7211250350884506,0.44911350178533455,0.9118409485411365,-0.02502568422954182,1.5102054630981387,0.9448102201321887,-1.869855760008006,-2.0292703744235703
104,-0.5992937179079163,-0.4391813899595069,1.5145364834968356,0.6164927699915452,-1.3264490641611812,-0.48918163236217255,-0.6818691513779171,-0.613458943683502,1.033201193659041,0.28834057589114803,1.157978449922513
105,0.9438722706558915,0.9171236590823129,-1.9421817070578065,-0.8856461706079217,1.8119644915277822,1.9398331694609718,0.2154926223585472,0.948611555808636,0.345420817424029,-1.4753937056279913,-1.6534960740892528
106,-0.7589315787938274,-0.5522068107129919,1.0238341425344377,2.0197727050498044,-1.9326335348839867,0.07287153057562058,-0.4378568582532087,-0.27121553564753087,0.3763189983701272,0.25934191333130696,0.012763007861201311
107,-0.7589315787938274,-0.5898819509641535,0.3825987534890438,-0.29987001746249553,-0.022583240380382053,-0.7780469734229216,-0.8907769343155912,0.18147596838793809,-0.06447044430769815,0.23974621835124846,0.2117492734793033
108,0.2521082068169432,0.2012959943102413,-0.3064496687284954,-0.8871799225871667,0.7903091390478435,1.073903080472935,0.04981850403808245,0.3765400009676393,-0.5317489951762371,-0.6050213482452029,0.04774480671349257
109,-0.12038013525018283,-0.21313054845253696,-0.3054100951684198,-0.49678224923349296,0.5356676691007614,1.3903265290516338,0.4976306356505196,0.15954426889133602,-0.01912509728204384,-0.602369906586757,-0.4925177644238109
110,0.7310217894746767,1.1431745005892828,-1.1186172414042994,0.9969710137227066,0.07225025775567527,1.2456520046046533,-0.7718697670914544,1.9103180714650692,0.5722483137846902,-2.131083489109157,-2.0854265691326943
111,-0.28001799613609396,-0.30103920903858084,0.023834492987658887,0.7692260395430746,-0.49383586834607723,-0.7952863063785915,-0.9575316807360309,-0.3311343265290266,0.4974606546947712,0.5600849421657953,0.4625447468431668
112,-0.9717820599750423,-0.8033744123874029,-0.10680428186114997,0.36987941148352715,-0.15234732728901834,-0.35433972824449045,-0.9932207662134089,-0.07011716920879327,0.6787519041125797,0.2929044485456418,-0.4087101063375066
113,0.4117460677028544,0.27664627481256465,0.673206676223848,-1.362812960316071,0.4872772633852159,0.09260290610391891,1.9692906332423403,-1.2538221545492376,1.2046577961265637,0.1750772757464739,1.2483413980919855
114,0.4117460677028544,0.3394381752311674,-1.5475487397912542,0.6051262370218077,0.595349549318523,0.49562616477591087,0.9658747885799861,2.3691418702575344,-2.9658003329621283,-1.5583079400932995,-1.2512381194202389
115,-0.5992937179079163,-0.4894149102943891,1.743192682118192,0.30849114880357487,-1.269019102965236,-0.9683744582162188,-1.4662667285205848,-1.17588279382428,-1.1841945583549667,1.964597982557799,2.042316845436529
116,-0.5460810976126126,-0.6401154712990358,-1.721042418362284,0.06976782196473932,1.0521196596154043,2.066224744816791,0.7869599590186884,0.5896605704834991,0.2006813396910023,-1.3251875214561557,-1.0971647832874603
117,-0.33323061643139773,-0.4768565302106686,-0.38666300820041377,-0.7466736316049041,0.7490452386025622,-0.2270366191155823,-0.06846736381409378,-0.2679885838008896,0.08656122767633789,-0.022545925023497216,-0.08272593919384719
118,-0.22680537584079027,-0.037313227280449196,2.0456194067619666,-0.3809745694467102,-1.0095308078930545,-1.1226834252496392,-0.9796267172629638,-1.2344812284582478,0.9585068985125633,1.2921637888543969,1.3558749640322287
119,2.1145499171525737,2.4241292691287795,1.5302777164448533,-0.3167119452622715,-0.7291502862756778,-0.8027109859833439,-0.6844919105688805,-0.8510758737980784,-0.042216791161312994,1.2578388175728599,0.7759813385375589
120,-0.9717820599750423,-0.8033744123874029,0.1660249551447256,0.9900205872013532,-0.726381041065936,-0.8237627997374221,-1.1296370503463598,-0.5994031171960745,0.5450638398613852,0.9512344975944506,0.32752921586317607
121,-0.013954894659575395,-0.2256889285362575,0.1757410533730654,0.5887895312869929,-0.4714158090487976,-0.016624501085927775,0.0411524133117957,0.7491233262833157,-1.243598965066352,-0.2864218106467539,-0.20137711785274637
122,-0.33323061643139773,-0.3638311094571836,-0.11309840396058515,-2.1728148318223526,1.505856833528074,-0.2270366191155823,-0.06846736381409378,-0.2679885838008896,0.08656122767633789,-0.022545925023497216,-0.08272593919384719
123,-0.22680537584079027,-0.07498836753161085,-0.6107092090521864,1.2991717806636358,-0.44190273210098147,0.8419051841051374,0.16911486100984155,0.16687352531501848,0.17083585344500096,-0.3160088677390414,-0.8469532805217186
124,-0.7589315787938274,-0.7908160323036824,-1.0500393720910484,-0.18465016932663958,0.7981347737961922,0.6715728357572157,0.25701372420311563,0.13826478195928008,-0.30962304945618263,-0.013140333817842392,-0.9256091481669518
125,-0.9185694396797386,-0.7908160323036824,-0.25393110415096715,-0.6577135409543277,0.6081846136892837,0.2064553997498325,0.4455135232675622,-0.007140030705032845,0.03236496525612576,0.07514320399154939,-0.7154596478130482
126,-0.013954894659575395,-0.037313227280449196,-0.7764920702130703,-1.2083153263937472,1.2931075029639851,0.7429630884536772,0.18019927942121333,-0.18189042107751432,0.7427659814348496,-0.3009179972395149,-0.22148594246476447
127,-0.8121441990891312,-0.6652322314664769,-0.6074152935117437,0.17890255135026945,0.28488166035064877,0.1459153918774307,-0.1542119033870262,0.005262367274347645,0.2875535325989428,0.022314576949669172,-0.4525030772638714
128,-0.06716751495487912,-0.46429815012694803,-1.7067759528251616,-1.1881686371877573,1.8616099359903202,2.362603896859993,1.357302377475462,0.4514978176071053,0.21727877419346472,-1.2472481293589506,-1.5726364050645771
129,-0.013954894659575395,0.038037053221874124,-1.63755117035134,-0.1750371093812398,1.1591906011280857,1.8392451308536686,1.82233069176701,0.519340875412548,-0.583448524225559,-1.0937052764232869,-0.9695142486892989
130,-0.17359275554548656,-0.049871607364169755,-0.624703471719964,0.5308608622103261,0.0667071600998066,1.4402213423269201,1.1170330317254262,0.31744136711484205,-0.5341382370398021,-0.580206010558955,-0.9627831117307712
131,-0.65250633820322,-0.6024403310478741,0.10453926045389801,-1.7483570810980051,1.0936397108576104,-0.9383866969361337,-0.2428084026769,-0.6245631025904388,0.7052565355397458,0.6197830306052605,0.784640486818197
132,0.8374470300652841,0.5152554964032552,-0.682348940100645,-0.4632597757609184,0.7495187267441358,0.8671459152785276,1.5597300662904496,-0.3059835365366777,1.0313546059803234,-0.6181600258797967,-0.21845103653291495
133,-0.5460810976126126,-0.46429815012694803,0.9758937607979579,1.4535223761970277,-1.5342606649836181,-0.36596062342048546,-0.6789609616473737,-0.42373579748801765,0.1820676267234748,0.5996057644321479,0.4384652508666597
134,-0.8653568193844349,-0.8033744123874029,1.6537532264704842,0.12969701192904348,-1.0967789899133562,-1.3113406306718325,-1.4324539887529741,-1.2803867862167686,-0.11226477683408896,2.0276497594693264,1.1526856900636058
135,-0.8121441990891312,-0.7154657518013591,-1.6181038861711168,-0.7353760150254921,1.5115870147115809,1.0430741091857907,-0.5094553035723911,0.5183027044928924,1.0854394246246823,-0.9732190895316506,-1.0871221460894298
136,1.9016994359713586,1.557601043352061,-0.457151658221661,3.485535692305085,-1.960347982333586,-0.041057009183788074,-0.32825306986838826,1.9513045710937147,-2.049669141662289,-1.0119355863025024,-1.1268809838409666
137,0.677809169179373,0.37711331548232907,-0.16907004959070088,0.2961522207267888,-0.06545233045578715,0.4408303368887276,-0.5513753193299954,0.11250286498475039,0.07116002123217695,-0.03439613782513319,-0.4482078184157985
138,-0.4928684773173089,-0.45173977004322746,0.5461165083939766,-0.23359205848923206,-0.16793413207941768,-0.4370977018357298,-0.41579391026403434,-0.7483861866718085,0.058567498965993454,0.9088377459867536,0.7618613595732608
139,-0.5460810976126126,-0.3889478696246247,0.7866856943888524,0.7890599053485513,-0.9836712775356312,-0.6971419777747647,0.5244400797443761,0.7693096273621617,-1.7300363579422213,-0.03535681296845226,0.010865365754933742
140,0.677809169179373,0.16362085405907967,-1.1173692455946154,-1.2811686561879372,1.5536207196680158,1.1998244583623878,1.898628195913117,-0.5870387119829827,1.717510273677084,-0.7924277064262015,-0.12040453923327077
141,-0.8653568193844349,-0.7029073717176385,-0.1492605299490233,0.14003908490270947,0.023729565000942632,0.2906974555224011,-0.7579518211675773,0.030587199874028102,0.10356059384199862,0.12146370385240517,-0.3624096153532417
142,-0.12038013525018283,-0.11266350778277252,0.032594790315045814,-0.9777071612511649,0.637236627668488,0.46902775867382723,0.6708852703872125,-0.8698222389009796,0.8645735545962755,0.2124196170494897,0.5861873568941531
143,2.1145499171525737,1.8213270251101927,-0.2242598087913831,0.7522519572419457,-0.3276850051615252,-0.28115681974451684,0.631751311042184,1.5294886899118618,-1.6684205265335545,-0.9497217252471702,-0.6138498759990141
144,0.6245965488840692,0.8543317586637101,-0.30755363354108006,0.6032653228936661,-0.17867978627171593,0.3800226238603191,-0.007242020752529797,-0.22568789850156565,0.3174378889329364,-0.040115099915415744,0.2303761341648402
145,0.5713839285887655,0.4775803561520935,-1.8428009045913913,0.17520873668996867,1.0596430473410028,1.425721270297679,1.9714235007437177,1.8765002458622964,-2.5490503609966813,-1.586098845377934,-1.5868358143715573
146,-0.4928684773173089,-0.46429815012694803,0.20896636036225893,-0.24000066043012014,0.047020225062358374,-0.3213434076936165,0.5111804632933237,1.0756833169049105,-0.8482607322226768,-0.8527424489984116,-0.15863939806819016
147,-0.013954894659575395,-0.11266350778277252,-0.7302837725310981,-0.9401143457445641,1.089727519842524,0.7066222040112836,0.12500290391847435,-0.12948444548652974,0.30226954692463975,-0.2005042897929545,-0.06833560186149118
148,0.2521082068169432,-0.049871607364169755,-0.5651260254723954,0.19256888451366166,0.24955130250487656,0.29474905434307586,0.2580239068592772,-0.05865136025675584,-0.18196906200668872,0.0820279869932418,-0.21698477743494998
149,-0.28001799613609396,-0.30103920903858084,-0.18842805822149403,-1.3563876574621516,1.0217876122506095,0.22768828308842548,0.21717863708901852,-0.7204775489155137,1.2586519678898973,0.0624504113802005,0.5480261341683345
150,-0.65250633820322,-0.35127272937346304,-0.31220506971592193,-0.7712062813151283,0.718455296574181,-0.8029891538094205,-0.6732963603607173,-0.6562631942652772,0.5632564057339949,0.8274069199524358,0.5784716734807707
151,-0.9185694396797386,-0.7405825119688002,-0.7735516974144468,-0.1341233614664411,0.5924031854083022,1.2055498605918393,0.16730110105398488,0.5348040160238556,0.07735436296931658,-0.9260490158485897,-0.5899748158413347
152,1.7420615750854476,0.5403722565706962,-2.5895800537002462,-1.750329403644141,2.7792756473712554,1.8287903651340707,1.5788063838750164,0.8918371223296336,-0.24144028259984482,-1.5061417389271325,-1.3633915720501975
153,-0.7589315787938274,-0.5396484306292714,0.5376343349641988,-0.6407535572391431,0.10226691544540852,-0.5239371267485293,0.43512951529847077,-0.8932479373928832,0.31751582698877673,0.8745318316293689,0.5842038052516079
154,-0.22680537584079027,0.08827057355675634,-0.23995535740120055,-1.1995208121297283,0.951945186127728,1.0906255652643655,1.2067038198127147,-0.3026398322449783,0.5713852146768187,-0.5217680032070112,0.07583478450782657
155,2.167762537447877,2.574829830133426,-0.5721297265315927,1.2357130970645553,-0.42473644659920406,0.546576344239303,-1.4003926330435548,2.8426493349436064,-0.6747832324535251,-2.2455669398183487,-2.3872785316800664
156,-0.013954894659575395,-0.049871607364169755,-0.9573974919413256,-1.8606701326252917,1.8306289001837828,0.8192177186832961,1.7325511925677763,-0.5637568249782857,1.5938710035184827,-0.5359134812221711,-0.3185663623063188
157,0.8906596503605878,-0.2005721683688164,0.7505144580043355,1.3914250424053938,-1.35295407994934,-0.22522287608723732,1.6483301734542806,2.4301213507139847,-2.8546416170551834,-1.6459561877664812,-1.0119773559256025
158,0.2521082068169432,0.4524635959846524,-0.25470460505880144,-1.6864056736288766,1.2779321597506534,1.536762809281392,1.3486053546474632,-1.2490331450628465,2.5920125298754217,-0.49295315591534455,0.28387082530283914
159,-0.33323061643139773,-0.2759224488711397,-0.14395362928079922,-0.7171245037380475,0.5780797217138625,0.1465647460702471,0.1715374345171956,-0.13377744406689038,0.3377383351026251,-0.08167185654479252,0.12248334539857933
160,-0.12038013525018283,-0.15033864803393418,0.34009688355882756,0.9042102562780678,-0.7793821839331105,-0.5839280301732184,-0.4062088810478769,0.3374570534589496,-0.21840173577857594,-0.03720086523264602,0.1506304667382527
161,-0.5460810976126126,-0.45173977004322746,0.876573005324412,-0.8741118382925308,0.04218598221358137,-1.1056833671751105,-1.1813306694646002,-0.8784532057133333,0.5118236930598818,1.0470337927667897,1.49870480213686
162,-0.5992937179079163,-0.6149987111315947,-1.1202275637530867,-0.613911584883275,1.1212923183959707,1.23653409529764,1.252855239994546,-0.07346972539951284,0.2358637807139242,-0.5827064891170995,-0.3551031763379339
163,-0.5460810976126126,-0.45173977004322746,0.16796295309943504,-0.8109736795714789,0.4441286937953924,0.06670985292944806,-0.12435437584292021,-0.3290381089932509,0.9077379335340765,-0.18606271955762677,0.7350397372408758
164,0.9970848909511952,0.5780473968218579,-1.7630014214427514,-0.10149873704444039,1.18977776219544,1.873824725719468,0.23116682806711028,1.4888325903351725,0.20242786854041445,-1.9393428574357798,-1.987770654953368
165,-0.43965585702200516,-0.46429815012694803,-0.07199304146748603,-0.8256375928013139,0.603688530534538,-0.513797494082309,-1.315936855960763,-0.5568094661493892,-0.521394483007879,1.003494857294007,1.2217336826412222
166,0.2521082068169432,0.05059543330559468,-0.7028534078757017,-0.9499443768841442,1.0789735524547,-0.7356464637519227,1.2179893254842755,1.111978297460975,-0.845187839025299,-0.828510895961835,-0.4030205662817753
167,-0.7589315787938274,-0.3638311094571836,1.2522705293494374,-0.4143068480174111,-0.49184634609720124,-1.4112510390917186,-1.366889786117159,-1.0890552099133712,0.575378284791999,1.4572406808980198,1.3827618239386719
168,-0.013954894659575395,-0.07498836753161085,-0.3468013922156812,0.09138375084029811,0.17888634309465945,-0.6220244529318779,0.7077960606383795,0.9329727944072764,-1.156688019574437,-0.38935924446913067,-0.4746705256633843
169,0.3053208271122469,0.2012959943102413,0.7093617122548225,-0.43907446695260177,-0.1363081617803225,-0.9052489116140461,0.6558703044278492,-1.19877038564639,1.267735583359894,0.7338877272850789,1.2046244349989965
170,-0.65250633820322,-0.5145316704618302,0.6268758282167961,0.9593724135716422,-0.994563577816831,-1.1663516745499132,-1.0339239506409805,-0.8009763137605085,0.44412287549771357,1.1343835902921653,0.9766308508373468
171,2.8063139809915216,3.1525153139845714,0.2076180324843935,2.7217024504724705,-1.8790117943903826,-0.8107348775342913,-2.188617985411284,4.169804837136984,-2.5620665858972993,-2.390529116455925,-2.3846391891112644
172,-0.5460810976126126,-0.5898819509641535,-0.30376036740393786,-0.024515445226932997,0.22738092706351914,-0.2270366191155823,-0.06846736381409378,-0.2679885838008896,0.08656122767633789,-0.022545925023497216,-0.08272593919384719
173,-0.12038013525018283,-0.12522188786649308,-0.17112796574432368,-0.6713537998632545,0.5652907294928317,-0.01089185129949662,0.3739193774881655,-0.40711578976279544,0.6670843457048156,0.18271658567326998,-0.08272593919384719
174,3.391652804239863,2.574829830133426,0.08744359949013089,-0.9984726581673504,0.6164553377096452,-0.1707315186393615,0.312585143656042,-0.6600466582824946,0.6381335486210481,0.4096141568198839,0.4277460509696166
175,-0.5460810976126126,-0.5522068107129919,0.06772444998907791,0.07022885074352342,-0.06651026214501958,-0.2406913555703697,-0.7390591539038134,-0.5663858250131315,0.5746896089429111,0.6500904819569919,0.19255155879447458
176,-0.65250633820322,-0.5270900505455508,0.41272782342424935,0.3015938603378032,-0.43273037580515394,-0.9321187119157914,-0.8658565994587546,-0.46081165846891164,1.1179755411533367,0.672663065919905,-0.1507121394114297
177,0.4649586879981581,0.2012959943102413,-0.2566874577106346,-0.08575108241637479,0.23779084826109265,0.2583437756252728,0.050761528166109904,0.0927728278858072,-0.25335520429275427,0.011439213857180509,-0.2912786580312338
178,-0.5992937179079163,-0.4894149102943891,0.06623472564806565,0.7432184902733601,-0.5034238942241086,-0.12316877653094993,0.3376604094044701,0.677443200268065,-0.333684340247463,-0.525011843173547,-0.4794021597556555
179,-0.7589315787938274,-0.45173977004322746,0.28598519878519946,2.234514001401808,-1.6110433216823097,0.23773889890781627,-0.3361578592489692,-0.24796987458983188,0.1290632039457808,0.23092433160786258,0.09187963711044647
180,-0.7057189584985237,-0.42662300987578633,0.11790989197254147,0.7760005356659728,-0.5570589025208532,-0.133465470569521,0.16297633442570608,-0.2679885838008896,0.28601425102754063,0.1615631415612375,0.2529080023652826
181,0.2521082068169432,-0.06242998744789031,-0.3912900068932648,-0.18406993910790895,0.38590977769223833,0.19144433177047696,0.2954729565666309,0.9091238018538758,-0.8066718275924408,-0.6604911092680101,-0.6236365703261647
182,0.2521082068169432,-0.024754847196728644,0.46299522469501575,-1.0655514269498096,0.425303187490382,-0.4922594750401283,2.0104205660591354,-0.6086339642986515,0.29715944378246995,0.13718825280311484,0.7495637135227005
183,-0.12038013525018283,0.038037053221874124,2.5457691020781525,-0.10578714147182844,-1.5012585203520556,-0.9940322484940408,-0.9220796093643031,-1.1172508784358934,-0.35954190057304447,1.4182057250687585,2.1025032634425638
184,-0.22680537584079027,-0.3261559692060219,1.4260799670650528,1.2075635478323534,-1.6556952405185994,-0.4293978391152856,0.23294785049015143,0.29749476899068944,-0.32570620665852446,-0.2145664993931944,0.3993029074779804
185,0.4117460677028544,0.00036191297071246217,-0.2985346974107219,-0.48409627889546686,0.5231157440752459,0.0812684078362065,0.1649479395326359,-0.03658057886141706,0.5504732114742674,-0.22364876576131673,-0.006149094475304858
186,-0.22680537584079027,-0.049871607364169755,-0.6755103462501357,1.0411694977214188,-0.2335338207292501,-0.026228375270599236,0.9981505119258118,1.795692877579777,-1.7809060549392683,-1.2435232654302666,-1.0892913019917037
187,-0.5992937179079163,-0.5522068107129919,-0.7112935291143202,-1.1899917995254328,1.24042440214131,0.9386427163768035,0.42516842882736566,0.028910056637026754,0.3863899722676218,-0.5683374605635246,-0.08422453389528008
188,-1.024994680270346,-0.7154657518013591,-0.14495834375984926,0.535090944353744,-0.23597967671482853,0.1489906161011773,0.5988555114775114,-0.2895291421401749,0.9353887265525053,0.028532155045357614,-0.7442413476794022
189,-0.17359275554548656,-0.16289702811765475,1.000562255750276,-0.4709913703985332,-0.29760055110757894,-1.4081253473131055,1.0565649089405935,1.0562956553649767,-2.506957323369298,-0.016394399560893898,0.3352751851377919
190,-0.17359275554548656,-0.3889478696246247,-0.022988290859020193,-1.05385257603124,0.721526924429657,-0.5469731081273466,0.47190512734417905,-0.3409594500985292,0.6568740435232626,0.11590843484016013,0.4323229327668579
191,0.2521082068169432,0.1510624739753591,0.18637334290554872,0.9544440005960023,-0.7159567542160462,0.21118145542571518,0.43318252910541566,-0.268631785048241,0.7643036348177041,0.0232925646185805,-0.5306172081454021
192,-0.33323061643139773,-0.3638311094571836,-0.16907004959070088,-0.18406993910790895,-0.07771477311968725,-0.2792939460889498,0.3240028634966696,0.09539116707773171,-0.03231139400180844,0.10544878500625637,-0.48330948177955513
193,-0.43965585702200516,-0.23824730861997806,2.4355499287471147,-0.43991217287248147,-1.2149692048515455,-1.3301039752376456,-1.4114128417927958,-1.3210658620898958,-0.7403271669879429,1.8611932651502514,2.705625546709301
194,-0.22680537584079027,-0.3889478696246247,-0.43667194581639535,-0.6468916543529645,0.7153927794692079,-0.2270366191155823,-0.17952434906856743,-0.7052434379116083,0.7466348524248231,0.3990878003946758,0.8963587638240534
195,0.8374470300652841,1.0050323196683568,0.7649348125873227,0.16957041977911305,-0.5670347469235817,-1.2443310749386192,-0.7412779207917575,-0.7814783990564689,0.4084352243205049,1.0965092029090344,0.9561105226977726
196,-0.013954894659575395,-0.024754847196728644,0.6230962981425956,0.4778640152715771,-0.6789327387996825,-0.39582929802136574,-0.5888180072782924,0.23947030923187196,-0.35252390980710113,0.24095306043378953,-0.2703428591004936
197,-0.5460810976126126,-0.4391813899595069,2.238137456971075,-0.1003662399227997,-1.3124552533999667,-1.5630833512321023,-1.0598506803295589,-1.44527057860182,0.19640799803962672,2.0269929199112235,1.3981365955904488
198,6.744047882843997,3.8809013588403634,-1.3524339936805334,0.1789333280800822,0.7506443845357388,1.7624918565457797,2.6951166199131737,1.3738329617614966,-2.0539311512381446,-1.5920127745673796,-1.1886376074020228
199,-0.43965585702200516,-0.30103920903858084,-0.23204287917611838,0.5747326051461625,-0.20732551259335003,-0.13079646381884738,-0.5433955732929705,0.0075390179528435795,-0.033230334385770735,0.2433799296956441,-0.1499917974298248
200,-0.33323061643139773,-0.3638311094571836,-0.16907004959070088,-0.18406993910790895,-0.07771477311968725,-1.7758191600930586,-0.44147267155552133,-0.05197366155319482,-1.819533101113228,1.2310979148380423,1.1301185696300429
201,0.9438722706558915,0.35199655531488794,-0.6549553261444628,1.9777271728137311,-0.8557062980200486,0.2526121398338261,2.8983268735670933,2.523396419260907,-3.2134550134403126,-1.840221018696456,-1.6759518717957442
202,-0.33323061643139773,-0.3889478696246247,-0.8747211083739505,-1.987073384549996,1.861177521101608,0.36859487491258375,0.7402645815162286,-0.7349394843851323,1.487299135378389,-0.0030069346165499462,-0.021889236092774097
203,-0.4928684773173089,-0.5898819509641535,0.49788045014948057,-0.5406839112831027,0.062015881443792005,0.22110580481207373,-0.8596694195586371,-0.45665055044829356,0.28374671622159514,0.4312552990189639,0.42719251503476263
204,0.3585334474075506,0.11338733372419744,1.7610866973739165,-0.4430788012081082,-0.7912372590004211,-1.4875673772907712,-1.3120819545686826,-1.2995947263983672,-0.25536723967136155,1.6597827666040028,2.7215270704674626
205,1.848486815676055,2.2231951877892504,0.267935729073741,0.5173385536620564,-0.48256976840750004,0.5781527102905978,-2.7454584250364142,3.2261809678117084,-1.2655910395448937,-2.2671811764301255,-2.092147961447214
206,0.2521082068169432,0.07571219347303579,-0.4604248859347657,0.1248118603295419,0.22817507655960279,0.016658242389721998,0.05009569983307738,-0.1670735970731043,0.9846717578200319,-0.10595155895126175,-0.3174702145319382
207,1.5292110939042325,0.6533976773241812,-2.3588691154841137,-1.6383993731668902,2.5622147448355634,1.7559535346684465,0.8262468108547008,0.8628912583020913,-0.15586393395829934,-1.4027162318049073,-1.092347090958217
208,-0.65250633820322,-0.5396484306292714,-0.38027205208139064,-0.6395397554516472,0.6753486658210323,0.7220407930703694,-0.24879769439169416,-0.28052655598600196,1.1783422582631211,-0.3851712252763484,0.16180979251538075
209,-0.9185694396797386,-0.7531408920525208,0.048642387145799354,0.9251865408226134,-0.6108130910383327,0.0486811047586595,0.47175626187227304,0.01336141665521371,-0.3211238265566472,0.050959240872736754,-0.07514464018287728
210,0.4117460677028544,0.125945713807918,-0.05775761788313644,-0.7500824151933531,0.5456326324142841,0.2268520603934856,0.4976456256605083,-0.7127192039139695,1.347821730299554,0.026254389114249065,0.31845202401750056
211,-0.17359275554548656,-0.3889478696246247,0.07157549219239939,-0.9815784589060703,0.615384701303608,-0.6378218504699591,0.47470519936068845,-0.9131911163542354,1.5620599154337396,0.4898153200168318,0.309602974778108
212,-0.33323061643139773,-0.3638311094571836,-0.16907004959070088,-0.18406993910790895,-0.07771477311968725,-0.43061257833874905,0.2819861962587232,-0.26055023784750025,0.20134986693748752,0.3922598311095842,-0.14803232965374916
213,2.6466761201056106,2.285987088207853,-0.8910767452738781,1.4974858261762707,-0.39564056799381414,1.043097488339879,1.0516494098053986,3.1676685401532105,-3.2182243994115547,-2.30055815393675,-2.285597559741265
214,-0.9185694396797386,-0.7782576522199619,1.8094670477419967,-0.6555903556402594,-0.6832250953057991,-1.687101072489108,-1.0455762353359763,-1.448540068427491,0.4363371979108053,1.945227288746493,1.478928262733659
215,-0.65250633820322,-0.5145316704618302,1.7302317123088986,0.7749860052053826,-1.5644160831487408,-0.5862619525974359,-0.8075305487506522,-0.5995786322421733,-0.4328962816316077,0.6869271734678741,2.012655935643834
216,-0.38644323672670144,-0.5019732903781097,-0.5214192523936785,-0.127585562755123,0.430517505220802,0.7783837998648786,0.40964287708171465,0.3447814421828972,-0.0016023431245814543,-0.5514737185929331,-0.637456542560068
217,-0.4928684773173089,-0.4140646297920658,0.5739758253140897,-0.4662689236237637,-0.0339728098725813,-1.3307153939163614,-0.47801640712357046,-0.7868848704460124,0.49607677499255765,1.1246669274326755,0.6817291932415942
218,-0.7057189584985237,-0.4768565302106686,2.0461430240923906,1.158774432324123,-2.0116141642359113,-1.211406326085452,-1.6392689783036025,-0.9827651600254778,-0.5457845453215853,1.7668558252325752,1.462714587981351
219,-0.43965585702200516,-0.3387143492897425,1.8363959456315442,-0.47943789636712475,-0.8146651872847482,-1.0760714670859644,-1.4339072348984028,-1.0363348597450812,0.16252225365318787,1.4826982092826357,1.3238038355244393
220,-0.33323061643139773,-0.3638311094571836,0.6230277041114586,2.854825041473228,-2.2253334303058536,-0.2270366191155823,-0.06846736381409378,-0.2679885838008896,0.08656122767633789,-0.022545925023497216,-0.08272593919384719
221,-0.33323061643139773,-0.3638311094571836,0.08986125647972319,-1.2722372878903343,0.7930542591909955,-0.2270366191155823,-0.06846736381409378,-0.2679885838008896,0.08656122767633789,-0.022545925023497216,-0.08272593919384719
222,0.09247034593103204,-0.049871607364169755,-0.17828268461403182,1.389905851869669,-0.7712853957744998,0.38565251495490094,0.3113903511395097,2.3188418477878248,-2.6356949957571145,-1.4372959296028547,-1.3129092770589847
223,-0.8121441990891312,-0.5019732903781097,0.4335847710253362,0.8170664247299957,-0.7811349313953496,-0.5486567143477248,-1.2310415945258717,-0.6461449099269383,0.11770150655006793,0.9906426155099353,0.7197708041589769
224,-0.5992937179079163,-0.577323570880433,-0.5948839771200132,-1.6312409288276104,1.4547209446523865,0.9614605599047259,1.279163853593727,-0.5278819424458931,1.3679785554696353,-0.48738069896400277,-0.15148827241976492
225,-0.17359275554548656,-0.23824730861997806,0.5286021498674609,-0.34744975862755373,-0.08290875273946742,-0.8672786359236391,0.2115862827873557,-1.2019423064137995,1.5154509515315793,0.6453025010425911,1.4322777087108352
226,0.4117460677028544,0.21385437439396188,-0.7625126147560986,0.5201850580260058,0.1598105373398909,0.7409891743436909,0.7859109599240595,-0.26171390213263696,0.5722722599992847,-0.12896127110416022,-0.655623935235531
227,-0.33323061643139773,-0.3638311094571836,2.7499338788079646,0.06831707522942772,-1.7421732030859767,-0.2270366191155823,-0.06846736381409378,-0.2679885838008896,0.08656122767633789,-0.022545925023497216,-0.08272593919384719
228,5.733008097233227,9.93404055919367,0.7485238439551477,3.8985318674031255,-2.9828255909183543,-0.4789039962094509,-1.379705080087059,2.172424683805233,-0.09367555752034173,-1.609186473779692,-1.4847089065762855
229,-0.33323061643139773,-0.3638311094571836,1.9900254141638978,-1.277000492885823,-0.3918219371572509,-0.2270366191155823,-0.06846736381409378,-0.2679885838008896,0.08656122767633789,-0.022545925023497216,-0.08272593919384719
230,-0.33323061643139773,-0.26336406878741914,-0.09135815730444129,-1.2914830023961217,0.9188731236217658,0.13427097109754305,-0.44270317638645285,-0.6831435054677841,0.8878782333325997,0.375723457654972,0.4668765650334538
231,-0.8121441990891312,-0.5396484306292714,1.1874891239759533,-0.34448184283790334,-0.4967732023228479,-0.7170513847061684,-0.8571851554445271,-0.9438961718194231,0.08656122767633789,1.1989985443067108,1.1717631670322743
232,-0.65250633820322,-0.6401154712990358,0.5753749443484405,0.9148486601572378,-0.933398410883628,-0.6918962144147593,-1.309572195844814,-0.10821089581751106,0.4934742973468302,0.42852543453020825,0.1588119351964763
233,-0.65250633820322,-0.6652322314664769,0.3106429246302209,0.2381445361752525,-0.3276273641564362,-0.7703393184055773,-0.9546195116209608,-0.9267755716846998,0.28556941883200776,1.3257688345770828,0.5559500111736085
234,-0.7057189584985237,-0.4894149102943891,-0.000983601010921854,-0.4002137704056086,0.282514270810854,-0.41601546228047465,-0.19657446355841043,-0.3732201946162843,0.49307046488568573,0.41026127740373886,0.15012126014937488
235,-0.7057189584985237,-0.3135975891223014,1.6386627517424674,0.6720499484508066,-1.440197647030606,-1.5754319299827175,-2.029989425346624,-1.3703668412012637,-0.6262587811720283,2.4732754828245387,1.482522703958514
236,-0.38644323672670144,-0.3638311094571836,-0.6378248083828887,-1.799540348314148,1.591062470430836,-0.0804007858283997,0.6467267499773023,-0.6674691716578336,1.6896928263601534,-0.13328156392111143,0.4379942917932588
237,-0.5992937179079163,-0.40150624970834525,0.009040177953351238,0.1341400249751333,-0.07140150170733219,-0.8352144691558682,-1.2317289106567224,-0.44147488840035115,0.9432027430845009,0.7020446999307249,0.06284335142247476
238,-0.4928684773173089,-0.4894149102943891,-0.7069471620807753,-0.9743998829250141,1.0974436288662421,0.4421746006219631,1.1319997871734366,-0.42542293901376244,1.446338656247466,-0.46906735098499547,-0.01879775323319623
239,-0.33323061643139773,-0.3638311094571836,-0.16907004959070088,-0.18406993910790895,-0.07771477311968725,-0.4552207023878122,-0.08747044786857165,-0.7007298211131088,-0.33697301436254246,1.040265620792282,0.4839086406874406
240,-0.33323061643139773,-0.3638311094571836,1.2178079813110105,-0.09655955924864855,-0.6770259118197528,-0.2270366191155823,-0.06846736381409378,-0.2679885838008896,0.08656122767633789,-0.022545925023497216,-0.08272593919384719
241,-0.33323061643139773,-0.3638311094571836,-0.9085502288788133,0.7292644253177674,0.11508627951538573,-0.2270366191155823,-0.06846736381409378,-0.2679885838008896,0.08656122767633789,-0.022545925023497216,-0.08272593919384719
242,0.4649586879981581,-0.2005721683688164,-1.2525631131401822,-0.44735702532676674,1.095668093737333,2.59803037963946,0.8970096846941452,0.42221021010568927,-0.49435243481231955,-1.0865658697501244,-0.9558918657223531
243,-0.33323061643139773,-0.3638311094571836,2.583176366780316,-0.5456810573519257,-1.238451757709474,-0.2270366191155823,-0.06846736381409378,-0.2679885838008896,0.08656122767633789,-0.022545925023497216,-0.08272593919384719
244,-0.7589315787938274,-0.7029073717176385,0.5032128553582904,-0.9775208953148158,0.3428868889848037,-0.7283119868471815,-0.6523254151422575,-0.6300907621540853,-0.42693800670922066,1.0526252089175667,0.9988954758229064
245,-0.65250633820322,-0.5647651907967124,-0.7760515970152198,0.46142913048302786,0.20650148236603103,1.3587586875946294,0.904477690729597,0.799820835602489,-1.8098998052949213,-0.5866998088611503,-0.8292014494265982
246,-0.7057189584985237,-0.6526738513827564,0.7854578165495508,-0.21962889838878877,-0.32665376145965064,-1.4233148106649554,0.47272651027677726,-1.0212397240934445,1.1882254128105936,0.9232445088502461,0.735404572566135
247,0.2521082068169432,0.07571219347303579,0.020759895735913126,-0.4559793232979864,0.30520122077511336,0.45277095513990134,-0.5624168154970477,-0.21134799859186335,0.778913774747554,-0.15335998005181029,0.21710266831451036
248,-0.9717820599750423,-0.6652322314664769,0.3856342676736278,0.4748052451797205,-0.5284823892032346,-0.9874659888922516,-0.4724536673060101,-0.040045863608760016,-0.2743330268490074,0.6104541775500004,0.10556495666158763
249,-0.12038013525018283,-0.2508056887036986,1.6448685308687627,0.6632043403361508,-1.4383225500240062,-1.532815802660496,-1.6546097058928269,-1.1023725353140843,-0.32597926303094943,1.896918805557971,1.5836995614942888
250,3.019164462172737,1.6078345636869433,-1.4584113461681751,2.190813790927193,-0.4920222713726351,1.125114987773588,-0.09487135104994485,3.731556316928562,-2.4517412954139317,-2.9085324809745146,-2.8407756795352004
251,-0.28001799613609396,-0.40150624970834525,0.34340679702681615,-0.8201255269479636,0.34039605975380294,-0.4978795573767496,-0.16922627948597524,-0.8028772359754804,0.36271482069503425,0.7628752936937343,0.9255272379369808
252,-0.8653568193844349,-0.7531408920525208,0.1029017390708604,-0.8774316452388302,0.5280420569907747,-0.27514235181238256,-1.3056571069435001,-0.6103680672265345,0.01730288585101228,0.8440270032393309,0.9307295022188051
253,1.2099353721324102,1.3692253420962528,0.5499071992052905,0.6695100883267818,-0.7578595525308334,-0.7423556883310976,-0.2766140807236901,0.08096809757664007,-0.2663030100383704,0.4173901118765581,-0.16700069540434964
254,-0.8653568193844349,-0.8912830729734469,0.19625847008091257,-1.9457914799351568,1.1647474396628847,-0.27374773736425057,2.0993121233444345,-0.36096757325271894,-0.604151491721892,-0.022545925023497216,1.221627311570453
255,-0.33323061643139773,-0.3638311094571836,-0.16907004959070088,-0.18406993910790895,-0.07771477311968725,-0.5526093160919382,-0.783146423293882,0.1476756655688535,0.19167434232713995,0.23075462496202767,-0.3086506526167979
256,-0.12038013525018283,-0.06242998744789031,-1.1880184948538017,0.857456123994604,0.20640760787404291,1.4403056323164851,0.7910157230903057,0.46351525662278936,-0.5866173141923324,-0.838467018087876,-0.39682985781429037
257,-0.8121441990891312,-0.5019732903781097,2.8819138860267737,0.08726512920662034,-1.8370141280699754,-2.2783714657382492,-2.723593431006921,-1.471637765317252,-1.1422900329079435,2.7254617063020103,3.047636978250229
258,-0.5460810976126126,-0.5522068107129919,0.9446474164217598,0.5268107081666253,-0.9118097960961159,-1.5440842143891567,-0.8057329318707028,-1.3749245976063775,0.37476230693977625,1.6353484316196079,1.9452905593989307
259,2.167762537447877,1.9594692060311187,0.6302606953600781,0.16687757680595322,-0.481085065587845,-0.3707797869147746,-0.5007917965182159,-0.8312755479373142,0.9983761206525381,0.6258752542585815,0.6989595942303702
260,1.1035101315418028,0.6910728175753429,-1.0941111017152843,-1.3911120589610606,1.6106086617168442,1.9127517751426268,1.701190883332625,0.1464701480367029,0.6123122603149077,-0.9855740164400152,-1.5021247048165873
261,2.1145499171525737,1.9720275861148393,0.16837806301811142,1.9344165358030807,-1.3422733115334462,-1.4143540568696515,-0.4156407793830079,2.194739605964866,-0.3434357085422287,-1.5021951426014246,-1.184387105549074
262,-0.8121441990891312,-0.6024403310478741,-0.4015683342785123,-0.17638106275256668,0.3873333879105603,-0.3532232821836681,-0.5492263357234727,0.12929158986458422,0.6431349675105281,-0.047998745872312176,-0.34453971692747687
263,-0.33323061643139773,-0.3638311094571836,-0.16907004959070088,-0.18406993910790895,-0.07771477311968725,-1.5000290054890708,-0.6751605949300759,-0.9626633697925568,0.7513839772032886,1.1814371590077448,1.161040209807195
264,-0.33323061643139773,-0.3638311094571836,-0.16907004959070088,-0.18406993910790895,-0.07771477311968725,-1.0542898195750021,-0.5148769722779188,-0.7886856145089586,-0.5988003126100526,1.3531752372665986,1.1526435725125919
265,0.19889558652163947,0.43990521590093185,-0.20783662735518607,-0.7102716029851868,0.6135606434011862,0.11940932390262878,1.382811165374348,-0.7486138828313205,1.3962100161696638,0.09227903578086051,-0.3170312447052505
266,-0.28001799613609396,0.27664627481256465,-1.2621420690567564,-0.9408069101416646,1.4226938054910476,0.760951050192173,1.1675227957026593,0.13268633140053956,0.05202279887289559,-0.3780850804387185,-0.958804351434257
267,-0.06716751495487912,-0.024754847196728644,-0.8628728767440175,1.624643887960417,-0.49600216137034076,1.099414168164078,0.36531306421992854,0.6150533202839644,-1.1160000742822205,-0.4471473307054874,-0.8363743143550733
268,-0.33323061643139773,-0.3638311094571836,0.04058286201409603,-0.9528185030935923,0.6160500319051555,-0.2270366191155823,-0.06846736381409378,-0.2679885838008896,0.08656122767633789,-0.022545925023497216,-0.08272593919384719
269,0.5181713082934618,0.8166566184125484,-1.538520478107745,-0.6517383856595622,1.407417396513133,2.162836842738389,-0.10879866992807652,1.4953421185719376,-0.12949740454311032,-1.904438894436402,-1.765573911520947
270,-0.7057189584985237,3.5418250965799087,-0.1319675897407586,0.03737764765066736,0.07970930430980024,-0.2270366191155823,-0.06846736381409378,-0.2679885838008896,0.08656122767633789,-0.022545925023497216,-0.08272593919384719
271,-0.33323061643139773,-0.3638311094571836,-0.7067597721216068,-1.3000735702128738,1.3092087786249256,-0.2270366191155823,-0.06846736381409378,-0.2679885838008896,0.08656122767633789,-0.022545925023497216,-0.08272593919384719
272,-0.7057189584985237,-0.5019732903781097,0.6458777741151621,1.1328922574093965,-1.1193349991807682,-0.2681181780886307,-0.6685603764890038,-0.037068181785557285,-0.0443736938357387,0.3314616998632582,-0.002386153917958194
273,1.1035101315418028,1.2813166815102088,0.6437354945946688,5.045764191910176,-3.6636981716920958,-0.8669773199779743,-3.1834298628717077,2.282174792523758,-1.2932599782459642,-0.8618237763046476,-0.9817326045513217
274,-0.22680537584079027,-0.2005721683688164,0.40169372701173356,-1.0806492060620376,0.47345121054116107,-0.6193042112661101,0.3756802033314506,-1.1171719544108025,1.0480580956561785,0.7360022116920355,1.0516206180721215
275,-0.8121441990891312,-0.6149987111315947,0.7005348657473295,-0.33989610621804944,-0.1953147904844733,-1.0348155094232168,-0.3517077382704977,-0.8983460158931377,0.3279543173195606,1.2265843582852844,0.5876842831520164
276,-1.1846325411562573,-0.6777906115501974,-0.008912988435969136,0.16109606941757604,-0.07771477311968725,-0.4323956895335787,-0.42800615412417303,-0.5257820270032572,-0.8525168120017517,1.0105356679714326,0.8166481033521865
277,-0.4928684773173089,-0.6024403310478741,0.12869543885053428,-0.4877142694201202,0.25836700464246226,-0.6181670405810252,-0.9331520001767498,-0.5446120272576218,0.43926100377762706,0.7169976781159043,0.642346054360121
278,0.3053208271122469,0.10082895364047689,0.6051115991653223,0.17752400652485434,-0.4722884846468786,-0.2830014568804256,-0.3936554044407416,-0.8080644008890878,0.3821588343649268,0.6988060815514651,1.0374838028445763
279,-0.33323061643139773,-0.15033864803393418,1.0092719172558766,0.5313166182848283,-0.9551443100025976,-0.30394944262897466,-0.5968631459951274,-0.1709837066226844,0.5852264448327226,0.23132588602875157,-0.028149705872459137
280,0.14568296622633575,0.7915398582451073,1.0195553134387536,0.07521103435531931,-0.6648325502740768,-1.280489065877596,-1.1202087807714916,-0.8544506226400255,0.31315800577602204,1.4038987500085265,0.6839797846371369
281,-0.33323061643139773,-0.3638311094571836,-0.16907004959070088,-0.18406993910790895,-0.07771477311968725,0.3375104608092304,-0.11045224444465432,0.30826304614564776,-0.6024602697417477,-0.008587912821288507,-0.5618303981553655
282,-0.22680537584079027,-0.10010512769905197,1.0452569572358574,0.012920941440876953,-0.6403753724151892,-0.6635305786750518,-0.639030919653661,-0.8800816968918216,-0.3252035291957557,1.2331045212666232,1.162041015389541
283,0.14568296622633575,-0.26336406878741914,2.257875698365191,0.8750775517773948,-1.9594162724407647,-2.0823336914338055,-1.1402282504174626,-1.3325282653194714,0.4239081063961428,1.8265707125952932,1.9455880930823617
284,-0.12038013525018283,-0.3261559692060219,0.42612507411371,-0.49986520327137696,0.08032053237106944,-0.35034124981896336,-0.1184823215072387,-0.9221536971285519,0.6898335948448319,0.8493816837331829,0.4597487561483195
285,-0.33323061643139773,-0.3889478696246247,-0.6969872735096284,-0.44569541548440866,0.7472432358547301,0.24778525723399164,0.5474800947988196,1.4038476360974448,-1.3998181874278703,-1.1608614931039296,-0.357510170314024
286,-0.12038013525018283,0.00036191297071246217,0.18258081618224997,0.3046330729157045,-0.2908206787059049,0.44627078922984775,-0.024946639585826713,-0.23228247863326468,0.7832468306142879,-0.22663416349866738,0.15989632566319995
287,-0.12038013525018283,-0.2256889285362575,-0.18603133341552608,-0.19611261729751944,0.2654177957164227,0.018640418754685938,1.8084056662457004,-0.7801109469684662,1.5864303790836198,-0.21685505159370166,0.35823684196707184
288,-0.7057189584985237,-0.3763894895409041,0.4434097546477955,-0.043047800078214155,-0.22768978742325546,-0.4276565103658896,-0.37065066082220655,-0.5125590420630419,0.3326595083519084,0.6610047835902874,0.23406494981093526
289,-0.5460810976126126,-0.5145316704618302,-0.011870894494749802,-0.3848849010654522,0.27934804815064335,-0.7559840011267284,0.8130530028726314,-0.29128846823243637,-0.4505095930704711,0.5333463079660126,0.4020260020166931
290,-0.12038013525018283,0.11338733372419744,-0.3591799446624276,-0.6614151906177677,0.676394054843545,0.04576524697646805,-0.5995989331067317,-0.29253876565811493,0.8428817082823993,0.185948667514063,-0.1590746172369179
291,-0.33323061643139773,-0.3638311094571836,-0.16907004959070088,-0.18406993910790895,-0.07771477311968725,-0.7022204100775586,-0.2601804656155417,-0.6222203371634036,-0.26992479504115413,1.0062053794372223,0.6009516284173091
292,-1.3442704020421683,-1.1298922945641374,2.2042331528286923,0.8405517145578151,-1.903416760803609,-1.9529956403242708,-3.577804105238171,-0.43223351760620726,0.290900270241967,1.2531109438024015,2.0507737344538652
293,-0.33323061643139773,-0.3638311094571836,1.238792918630075,-0.2665476508178998,-0.5795518790644054,-0.2270366191155823,-0.06846736381409378,-0.2679885838008896,0.08656122767633789,-0.022545925023497216,-0.08272593919384719
294,-0.43965585702200516,-0.45173977004322746,-0.9419839043943855,-0.40963613034961727,0.8769541007292075,0.5648937491482993,1.4191288973441263,0.17604546015610292,1.3063610734780702,-0.8916500214352476,-1.1310607115511917
295,-0.7589315787938274,-0.5898819509641535,0.5971698195703937,0.6667645745313355,-0.7856217331455181,-0.29863595818404126,-0.5407828408207471,-0.3689597035027698,-0.41053951085443086,0.7156434650441905,0.4859268459977352
296,-0.33323061643139773,-0.18801378828509585,-0.8394142032238996,-0.38360393063306125,0.7958914593142185,0.38741155708764297,0.6939272232403007,-0.006998377015399465,-0.08119918312287999,-0.1027613994198485,-0.36859238467993427
297,-0.12038013525018283,-0.07498836753161085,-0.57330336678296,-1.2913377574558815,1.2200888682848523,0.9427687477678774,0.4103599482892122,-0.39209983593727765,1.3395997421194379,-0.5007281573229193,0.033765398009767966
298,-0.33323061643139773,-0.3638311094571836,-0.16907004959070088,-0.18406993910790895,-0.07771477311968725,-0.7868060215231888,-1.0811336890870866,-0.8497039828735758,-0.6530063243690899,1.4581578604291991,1.215117483774112
299,-0.5992937179079163,-0.577323570880433,1.8397381635218353,0.12779704820533755,-1.2118199270555832,-2.1031289033302647,-1.2796342075655962,-1.3464509825512934,1.1760886075935078,1.7808601169801233,1.245135122332207
300,-0.5992937179079163,-0.5647651907967124,0.7959711453444933,1.4767537810570468,-1.4368880377329445,-0.9018881402378655,-1.1053748621017134,-0.692898178590128,0.17560954813036214,1.0464424058170474,0.9562283262761514
301,-0.12038013525018283,-0.13778026795021361,0.6574013560735461,-1.0886436727524365,0.3187849868571707,-0.17788965093979328,-0.3257517096221039,-0.49615361311769196,0.5210659114994933,0.3364345145979,0.6434741153714514
302,-0.5460810976126126,-0.6149987111315947,-0.8451103962591361,-0.3781713403912503,0.7959182700900652,-0.06781009510043409,0.1248641932182595,-0.021523748490526243,1.0614064245177914,-0.14880654001937677,-0.80188803442301
303,-0.12038013525018283,-0.3763894895409041,-2.6192622836289687,-1.7662289663125699,2.808177067094516,4.033295425848008,3.341294881758752,1.0057892454351403,-0.8747994294947024,-2.3029466330378816,-2.117972256665276
304,0.2521082068169432,0.13850409389163856,0.7843485270847066,-0.3626900240193383,-0.2328851071355805,-0.909664999226634,-1.084214314539469,-0.8674174597986386,0.45260419896201265,1.0159679862204014,1.3456703694738517
305,0.19889558652163947,0.2640878947288441,-0.06274161514438646,-1.5567546981790157,1.073567128763701,0.17073034064420095,0.12422318813869875,-0.6658876438709749,1.0559742745258236,0.13495662591650795,0.5091491431883846
306,-1.024994680270346,-0.7908160323036824,0.3855726382325463,2.073123161353772,-1.568304608216768,-0.4485164310808043,-0.5478585143108777,-0.26971729796473126,0.11396286817451103,0.564801660544356,0.050785665855878244
307,-0.7589315787938274,-0.5898819509641535,-0.3840251417163436,0.04803596052556698,0.2303604240395462,0.6188828401045967,-0.1370849216447552,0.002784099502657598,0.03550433601229642,-0.02821602916752149,-0.4879506672566526
308,0.19889558652163947,-0.07498836753161085,-0.6251354714618741,-0.5876382734022809,0.794669362513395,0.7327143911712106,-0.09390777325188455,-0.09593750840695814,1.1567693194971655,-0.3735654266596465,-0.6791755494804027
309,-0.12038013525018283,-0.3763894895409041,-1.0891540712148196,-1.6186125431202678,1.755520665259645,0.4959583608457707,1.3847460846678388,-0.5395187682666633,1.0962283930486214,-0.21716603821131045,-0.15071434120938554
310,-0.33323061643139773,-0.3638311094571836,1.1855738137507954,1.0861468406385377,-1.426338405342154,-0.2270366191155823,-0.06846736381409378,-0.2679885838008896,0.08656122767633789,-0.022545925023497216,-0.08272593919384719
311,-0.33323061643139773,-0.3638311094571836,-0.16907004959070088,-0.18406993910790895,-0.07771477311968725,-0.10723402895641337,0.05625790952036935,0.3576140384808149,-0.5152012724372853,0.000776691405680433,-0.5114057276795857
312,-0.33323061643139773,-0.3638311094571836,-0.16907004959070088,-0.18406993910790895,-0.07771477311968725,-0.6287189169700852,0.13491212348030118,-0.1155598454463857,-0.07953990969407623,0.42609140420526975,-0.10676731005587597
313,-0.38644323672670144,-0.4391813899595069,0.17081083557962917,0.47897102975223366,-0.39688587503121553,-0.3779814423854567,-0.6726012435833977,-0.4621513185032901,0.6323712923311157,0.5618510155056926,0.10548641367968897
314,-0.43965585702200516,-0.46429815012694803,-0.23603968610104242,0.2869647170515462,-0.01760581653672624,0.47172447851522153,0.11760618930681399,-0.13874223755824416,0.2804199839715205,-0.049233330997085045,-0.21718291617936927
315,0.3053208271122469,0.06315381338931524,-0.3302807093531738,-0.4379519026789794,0.5129418352158277,0.19683786029696052,0.808428655412156,-0.4765094000656019,1.8132394751668839,-0.3414098565176628,-0.2258656433268299
316,1.4759984736089289,1.4822507628497377,0.8059755929437874,1.6463215456412275,-1.5534630480344698,0.28884834129807035,-1.523593276779923,2.1403969234189173,0.24335416844852661,-1.8339610269445574,-1.8690404557072986
317,0.6245965488840692,0.43990521590093185,-0.3509689732770781,-0.6153265496808584,0.6412754590986443,0.19202008144426438,1.8113946773550254,-0.6156108191797374,1.572946904619198,-0.4279610331961736,0.2213694055524211
318,-0.33323061643139773,-0.3638311094571836,-0.16907004959070088,-0.18406993910790895,-0.07771477311968725,-0.29780689151908585,0.04223688908553033,-0.32376566426727854,0.18337681401546388,0.42037716918125,0.04627042069817632
319,1.5292110939042325,1.8590021653613544,1.7508935387404123,3.135660663741584,-3.113181490604166,-0.5340392262773924,-1.9409731842246003,0.8947510069710128,1.306608129150112,-0.7283775810548958,-0.8346207956699011
320,-0.9185694396797386,-0.7782576522199619,-0.21962340155353685,-0.17140721938128467,0.27034616762953,-0.5659302389904105,-0.7000206443812953,-0.4085033026962757,0.6380203299483089,0.5548206284900896,0.14633286157735637
321,-0.12038013525018283,0.038037053221874124,-0.754111695381695,2.254829051693909,-0.973995762961891,0.9547652767974953,0.23197179271298357,1.1897068175133871,-1.337608455064879,-0.8615727603496564,-1.1625453530592968
322,-0.28001799613609396,-0.07498836753161085,-0.2466852401015869,-0.007876256229899868,0.1808723775162695,-0.3791515697250104,0.14118630040375948,-0.38772910687978485,0.11374002669159303,0.5145752785638574,0.1082259137578974
323,-0.7589315787938274,-0.4894149102943891,0.46544120079698864,-0.5664946074520923,0.0990891319692904,-1.3487587013398157,-1.398213877107581,-0.5988966609676868,0.5027610895848214,1.024315171679762,0.9328817902528413
324,-0.06716751495487912,-0.18801378828509585,-0.4680746183202151,-0.18524492288506222,0.4346796541977591,0.40232588525622764,-0.06846736381409378,-0.3377402350480207,1.201378561935355,-0.2841448187454352,0.264206854146764
325,0.5713839285887655,0.7413063379102252,-0.3169181494725714,1.639334263300531,-0.846888412821614,-0.3676233958541638,0.8851829245385288,2.338968177026878,-3.128974377788698,-1.2144435337819635,-0.9807585487138197
326,-0.5992937179079163,-0.5019732903781097,0.21408484698116526,-1.1819318143298045,0.6566376962798389,0.0983561775832778,0.4004620010519925,-0.6161871037068565,1.1256257026865137,0.13614433418364758,0.10824140710965037
327,0.2521082068169432,-0.17545540820137528,-0.1816749696035839,-0.7878707289346791,0.6476902324395352,0.3189863673535331,0.10409514005809015,-0.29082685480624243,0.4985592703715428,-0.049045415870875325,0.25614219801350546
328,-0.65250633820322,-0.45173977004322746,0.09682727505673447,0.932736421691957,-0.6458500219696927,-1.2070966181212894,-0.20706814526902764,0.4716222884093875,-0.6095798083985298,0.14149420865339005,0.15938724480933547
329,0.2521082068169432,-0.11266350778277252,-0.6821646015644824,-1.3631599421932106,1.3348757759069139,0.3632943610969741,0.9396000376472528,-0.7238604101916649,1.545160960369829,-0.11428802230999864,0.08160760727170077
330,0.4649586879981581,0.1510624739753591,-1.2301579592016627,-0.7958513283881437,1.3083898080983214,0.7673229387169728,0.3042882765600573,0.9352168635046941,0.5568409545770697,-1.3188821685091678,-1.1204856071746723
331,1.5824237141995363,1.8338854051939133,-0.005864066682218759,-0.29471103719656433,0.21692576300636238,0.8665087552632581,0.5781963139602172,-0.41412494353434925,2.6878424098026312,-0.7909565652068654,-0.8101563966860709
332,1.4759984736089289,0.7538647179939457,-1.0478178387464183,-0.7848205474016374,1.1872148929161555,0.7751471989722986,-0.17499201760153785,0.024431553761924265,0.6685880050163776,-0.32462093588132385,-0.6295530419796158
333,-0.43965585702200516,-0.6401154712990358,-0.5902387038912231,-0.48495662063662837,0.706047671975494,-0.2270366191155823,-0.06846736381409378,-0.2679885838008896,0.08656122767633789,-0.022545925023497216,-0.08272593919384719
334,-0.22680537584079027,-0.037313227280449196,-0.16907004959070088,-0.18406993910790895,-0.07771477311968725,-0.7508976406084343,-0.9587130844377671,-0.8088553321829375,-0.4479539813320654,1.1853782008209373,1.5301114639086362
335,-0.4928684773173089,-0.4894149102943891,-1.612629658622745,0.4272754257064338,0.7517470766801478,1.7449677874468472,2.7724788454306717,0.3964169263624254,-0.6270079508776351,-0.9566739881691456,-1.4328716876378194
336,1.5292110939042325,0.9296820391660334,0.6341703258028399,0.2735237397829506,-0.5529130186601441,-0.2594443361450388,-0.5553613439643335,-0.36380231892448983,0.35432286409311914,0.42546864348743935,0.32577213766147584
337,-0.5992937179079163,-0.7154657518013591,0.767202004006493,0.025584828497564327,-0.47477560058011925,-1.0798667125105856,-1.2637047925573226,-0.6749337046899515,0.2896125763062573,1.1687679576559413,0.6514072736539295
338,0.19889558652163947,0.23897113456140298,-0.9693502675990031,-0.3416493167626395,0.8498314298136692,0.0845807610501611,-0.06590788072944229,0.29396168232597136,0.04721317524404441,-0.35566712043234816,-0.016063678068017184
339,-0.28001799613609396,-0.3387143492897425,-0.7651377536572117,-1.1994756080769058,1.2802577354094082,-0.2270366191155823,-0.06846736381409378,-0.2679885838008896,0.08656122767633789,-0.022545925023497216,-0.08272593919384719
340,-0.8653568193844349,-0.6401154712990358,0.763678057821578,0.3102502566914117,-0.6577749005846047,-1.5296622774051782,-0.7891485908114275,-0.9387143954820925,0.8708790456612133,1.2564080265432604,0.7782517680090422
341,-0.43965585702200516,-0.3889478696246247,0.35119279760390276,0.9295468884648493,-0.8028032409843983,0.2284201339199563,0.26158686241534795,-0.19425086865409666,-0.41233165817094225,0.19983642484184622,0.31353495481091825
342,-0.43965585702200516,-0.42662300987578633,0.9479348360199876,-0.7163063863131831,-0.10509689693020559,-0.3977361686999194,-1.1446669628797979,-0.8678082096184279,-0.5678300089593216,1.285991562791308,1.3248602221461794
343,0.19889558652163947,0.35199655531488794,0.4409758713400112,0.32668043395720625,-0.46671219183698964,-0.9153270589231279,1.0448245006830341,1.016207238724714,-1.6223205571157253,-0.42488980302780827,0.04957760087975936
344,0.5713839285887655,0.30176303498000573,0.6929480678701069,-0.1944801277722828,-0.2851787454063048,-0.958350360999471,-1.2182552785137806,-0.6235103128115784,-0.08000493883407934,1.1021238291573239,0.9996549690912525
345,0.5713839285887655,1.0175906997520774,0.8694466676682336,-0.3490112970011535,-0.29498746634231615,-1.1973492681326052,-0.9766192026661286,-1.1636450586155835,0.6112097246148572,1.4413150885153967,1.1573440800756236
346,-0.33323061643139773,-0.5019732903781097,-0.6241040674233448,-0.09363284118123036,0.47262610897458945,-0.296115997798814,-0.31593397659049643,-0.25822955682587,1.0258601283207969,0.22753562536783667,-0.48307859245340795
