,Robbery ratio,Theft offences ratio,Criminal damage and arson ratio,Drug offences ratio,Total Employee All (thousands),Total_Threaten_or_is_Homeless
0,-0.4107671797715086,-0.4358198930172885,0.2516802109310346,-0.07857583139760958,-0.7577661663548872,-0.7739798020253835
1,-0.5067827322940223,-0.0876472508311026,0.4553086522776177,-1.2172201573628032,-0.600022035783105,-0.5371229555606732
2,0.08164568934238631,-0.32885105975241635,-0.19401587266645692,-0.4961969872639845,-0.5678889721481122,-0.8924082252577388
3,-0.7892665452351187,-0.5036062138704425,0.26858175493028347,-0.47391929536228444,-0.7037241956960358,-0.8924082252577388
4,-0.40428509650245287,0.17843677185786908,0.3014490699155021,0.052670487353217076,-0.10195954944071793,0.12410240748664313
5,-0.31716007002864055,0.24622871969332633,-0.2266646636826364,0.043587162534400065,0.47789618979074117,0.08956078404387287
6,-0.24069864615758346,-0.026319280610229482,0.00040666939818830196,-0.16511322987494145,-0.38239355934610886,-0.028867639188482303
7,-0.6910025961874289,-0.3863162002205213,0.27738105554529086,-0.9095274440158786,-0.49339868826699274,-0.7197001080438874
8,-0.3448815782901764,-0.20724371903819,-0.06676617341829318,-0.2748793349788617,0.42823600053666167,1.870921650163882
9,0.502456742064742,0.2403007873671312,-0.45491831710969705,0.43853238015114654,0.29532196459191895,1.0320536522680328
10,-0.07805813266945255,0.050507666886485246,-0.4374463647746147,0.014276327304663891,-0.36778762133020304,-0.5617955437340806
11,2.7094623822417425,0.8388226960058273,-1.0175703144197819,1.9485341473262048,0.679458134410241,-0.43349808523236244
12,-0.5315474592454849,0.4198517610120455,-0.2523231887413397,-1.1179138120153138,-0.2290312101790982,-0.5371229555606732
13,-0.43096256013676715,-0.6139831305486989,0.34632093422849,-0.2962584158934601,-0.5678889721481122,-0.5272539202913104
14,-0.6116563586386876,-0.2327171314073704,0.2216413863625369,0.1273322945308799,-0.5562042217353876,-0.7493072138519762
15,-0.7421214108758507,-1.1449323692217372,0.011347242606391618,-0.5453728080754684,-0.36778762133020304,-0.43349808523236244
16,-0.05675198132744722,0.3429341953348687,0.22006086339979464,-0.7054309186204335,0.12151130220264038,1.7376896740274823
17,0.6485022836956199,-0.2877390597378353,-0.1949303019837905,-0.7885032232302056,-0.5313741271083477,-0.43349808523236244
18,0.4153424481004437,-0.42636448068550736,-0.3617989823422587,0.10424549578393968,0.9555103629108602,2.1521891553407255
19,0.19399221473029635,-0.12178241124262425,-0.28014806298436196,-0.34457618177427307,5.537393118500502,4.2888352911578
20,-0.8394837161158055,-1.2022994637491393,0.03939193622234639,2.183536188304981,-0.36778762133020304,-0.43349808523236244
21,-0.48239232477832805,-1.0716791168557547,0.06936431211038302,-0.827994434284419,-0.5751919411560651,-0.25585545038382973
22,-0.3448815782901764,-0.35094715364591794,-0.1341641718665762,-1.311890626998156,-0.3575634647190691,0.12410240748664313
23,-0.31165060380413273,-0.6436709663681541,0.13280850236253672,0.4738530897133268,0.3143096840125966,0.2573343836230427
24,3.4661274274815774,2.2084853415016954,-1.5432979141110046,1.5539808282879375,4.152750194592634,0.03034657242769528
25,4.314910229423053,0.9218454387984681,-1.1890508914748454,2.9042006626740178,0.6458644769736576,0.8494764997848185
26,-0.677767542478885,-0.1421046244710537,0.2443590916130209,-0.46076225428608775,-0.6657487568546809,-0.43349808523236244
27,0.08719524231074004,-0.6430656469880722,-0.18478938528439628,-0.8789364963835153,0.32307324682214,1.194892734212521
28,-0.08349902903870582,-0.7496035121474884,-0.046630437266491895,-0.6520612921966122,-0.4451990928145037,0.1142333722172802
29,-0.37076266545123165,-0.13862247921150553,-0.40740064293725536,-0.2531616651362024,-0.3984600911636052,-0.6259442729849396
30,1.875168831174381,0.9656983393668689,-0.9668912606490978,1.7328114313396852,0.12151130220264038,-0.19664123876765213
31,-0.12083461359964322,1.1462799370799373,-0.8083392863701803,0.3734306881668529,0.7028276352356901,-0.3792183912508663
32,-0.3919432191296164,-0.2068722234044642,0.21754400877922803,-0.9347349776229411,-0.5678889721481122,-0.20157575640233358
33,2.0894812220413486,0.9355317653380679,-1.0331152356071556,1.7260759958833196,0.810911576553393,2.014022661569644
34,0.8833398631466216,0.16387712013786399,-0.7513664298703715,-1.2692764835516217,-0.36778762133020304,1.9646774852228297
35,-0.3044612370723505,-0.9210770888085884,0.1987582408966996,1.4114075963183133,0.36104868566349496,0.22279276018027241
36,-0.2316854321181794,-0.7165457825371473,0.4031447836146456,0.44995277710720866,-0.37801177794133717,0.1142333722172802
37,-0.3448815782901764,-0.20724371903819,-0.06676617341829318,-0.2748793349788617,0.07915408195651355,1.2738450163674244
38,-0.6116563586386876,-0.2327171314073704,0.2216413863625369,0.1273322945308799,-0.6277733180133259,-0.8874737076230572
39,-0.4220554813364505,0.05302377217129952,-0.39956577806015386,0.4037062467237144,-0.6365368808228694,-0.6950275198704802
40,-0.3448815782901764,-0.20724371903819,-0.06676617341829318,-0.2748793349788617,0.6151920071402555,1.5156363804668163
41,2.508306832856445,1.2406266019982222,-1.171672590612237,1.0562992634254986,-0.05375995398822891,-0.13742702715147453
42,2.5022325377543333,6.854136550653983,7.995602593936382,3.7818800885265476,-0.41744781058428276,-0.23611737984510384
43,0.8842932546862519,1.0141307283012215,-0.9430660015792892,0.8712300823231891,-0.04499639117868553,0.1142333722172802
44,-0.5302050000598296,-1.2731057809580042,-0.1363267300702656,-0.4148355195419423,-0.14577736348843534,0.21785824254559097
45,0.18975878494139595,0.3531930426688716,-0.4809717736220142,-0.057723087807181245,0.14780199063127072,-0.11275443897806721
46,1.1017636548694794,0.6911133340797377,-0.5791441864792176,0.529366846920606,0.04702101832152081,-0.27559352092255557
47,-0.4065215798663821,-0.6333916104151212,-0.3503004619220749,-0.372557223171391,-0.4627262184335906,-0.428563567597681
48,-0.12415342266577206,-0.3436607961866832,0.33128416191932325,0.05531822013452731,-0.3604846523222502,-0.43349808523236244
49,-0.1306768143305697,-0.45997448317544887,-0.4671705154772046,0.5640513125885859,-0.46856859363995296,-0.6012716848115323
50,-0.763314066653634,-0.3201370045803631,0.2958631724883096,0.48564303763272776,-0.7490026035453438,-0.43349808523236244
51,2.9743898380382316,1.6072774256357982,-1.0395515473056793,-0.04198557021456636,0.7977662323390777,1.5896541449870383
52,-0.3300169355467091,-0.5628940926590817,-0.18885950582594346,2.3734328587790845,0.3259944344253212,-0.0584747449965711
53,-0.780370783285636,-0.8292284657287549,-0.28239259815804146,-0.08435561932444387,-0.7636085415612496,-0.7295691433132504
54,0.663548483151148,0.7278735120673694,-0.6953235377608243,0.10324048338791511,-0.08005064241685926,-0.5469919908300361
55,-0.5412489139437342,-0.3345851223122876,0.12640376287285301,-0.00851158437990386,-0.26262486761568155,-0.5075158497525845
56,-0.18987004111104996,0.7858885069219972,-0.5272137066804639,-0.6211818741591025,-0.36778762133020304,-0.44830163813640683
57,-0.3641121694085796,-0.09667249437738713,-0.040670944009284116,0.16645198580230633,-0.2640854614172721,-0.2706590032878741
58,0.1509887316895929,-0.4155523014272009,-0.4500960290230935,-0.06694311101621271,-0.027469265559598558,1.0912678638842104
59,2.671974697364659,0.9228191836327435,-1.1892545715141987,1.9593937711825784,1.0533701476174286,2.6653789893475976
60,0.12809768571965585,0.5718389720669577,-0.3660159962419235,-0.0935832380062822,0.34936393525077036,-0.216379309306378
61,-0.6513035390252584,-0.735913901035963,0.09590466674097195,-0.09956193522590506,-0.47148978124313407,-0.43349808523236244
62,-0.12080332976292782,0.5690014897565527,-0.08754791329331842,-0.2950095923495672,-0.6146279737990107,-0.7690452843907021
63,4.350216799739883,1.486064397229265,-1.3327924328040102,0.8614170031895769,0.8737171100217875,1.6538028742378974
64,-0.1641457772971646,-0.4486778937157582,0.44031858794407025,0.16639245381374537,-0.36778762133020304,-0.43349808523236244
65,-0.7070746266190672,-1.043322137884263,0.2606198134111343,-0.23998216437434425,-0.36778762133020304,-0.43349808523236244
66,3.51883159688629,1.2414644315728676,-1.1749458322453827,0.6686909048221963,0.47643559598915064,2.591361224827376
67,-0.7814898264922409,-0.7772794744071512,0.6196711305233598,-0.8716483579983876,-0.36778762133020304,-0.43349808523236244
68,-0.3173961427012928,-0.37511312974865,-0.049710406747138454,-0.8653606775828454,-0.5255317519019855,-0.6654204140623913
69,-0.6532847099930753,-0.050636823596671675,0.2991289729329071,-0.5875219560225771,-0.3692482151317937,-0.6259442729849396
70,-0.23935362399644194,-0.35663309059396237,-0.3334728745340152,-0.5028790964096145,-0.3561028709174785,-0.2706590032878741
71,-0.18141581429057094,-0.48317339290747896,0.4821448327925502,-0.6772080293125681,-0.5284529395051666,-0.280528038557237
72,-0.26572061709814787,-0.5602349601417499,-0.141388027892895,-0.44578642965542936,-0.7825962609819271,-0.4137600146936366
73,1.850533252897794,0.5918203643987452,-0.9722680520022201,2.3922809743278943,0.7524878244897699,1.767296779835571
74,-0.0023518867334523393,-0.4610612291232487,-0.4294213560247899,0.22776700762705138,0.19308039848057856,-0.5223194026566288
75,-0.10655567396528469,-0.4069384179864248,0.20637301124938678,-0.9579675242751706,-0.2392553667902323,-0.280528038557237
76,0.400422824824409,-0.002167519273233553,-0.18177566401600403,-0.8100246632864203,0.23981940013147707,0.10436433694791726
77,0.7863678191428648,0.06581489428768832,-0.6303444696484534,-1.0929368041374836,-0.36778762133020304,0.04515012533173968
78,-0.010819595671925523,-0.22327605331422043,-0.40652963313798773,0.6779186656494999,0.2850978079807851,0.0550191606011026
79,1.253609975255837,1.1709267328957769,-0.8123103124010629,0.9832762841673444,0.485199158798694,0.04515012533173968
80,0.9175326262913391,0.03520660296489485,-0.2286225418077695,-0.5413507945206815,3.058765437201292,2.329831790189258
81,-0.3448815782901764,-0.20724371903819,-0.06676617341829318,-0.2748793349788617,0.9014683922520086,1.2639759810980615
82,-0.6116563586386876,-0.2327171314073704,0.2216413863625369,0.1273322945308799,-0.7051847894976264,-0.7345036609479318
83,-0.9561825633691718,-0.09732493545150478,0.024203775024331523,0.1466275382187155,-0.8410200130455502,-0.9121462957964646
84,-0.345024348595612,0.4559411309388759,-0.19578596867280007,0.8710750839032138,-0.36778762133020304,-0.43349808523236244
85,-0.4872213288190283,-0.06924025240064573,-0.14135399714679317,0.8176193539241767,-0.36778762133020304,-0.43349808523236244
86,-0.5714413238981785,-0.8582907144676394,0.2825295327668988,-0.036704916741483996,-0.36778762133020304,-0.43349808523236244
87,0.1512275300708688,-0.06861656677762605,-0.18065237666477718,0.49133048509809096,0.6035072567275309,0.6422267591281969
88,0.2601730197548431,0.6370400608045581,-0.37639827311640944,-0.35207657578646206,0.08937823856764764,0.27707245416176857
89,-0.5051002341935169,-0.22364470419024934,0.4064710965216251,-0.9609549149994392,-0.5007016572749456,-0.41869453232831805
90,-0.6949030818858792,-0.43403099552249047,0.7351771069819019,-0.47852791152172613,-0.7928204175930611,-0.43349808523236244
91,0.5616432448227509,0.4330285832299899,-0.2597735745289959,0.10831369950838068,0.5231745976400491,0.7063754883790561
92,-0.7754870322799665,-0.5288045525546036,0.05964572082758104,-0.15734633343483873,-0.6087855985926484,-0.7443726962172947
93,-0.27043689738628646,0.4581724430909769,-0.16381892887292368,0.17112327312186443,0.18577742947262565,-0.43349808523236244
94,-0.4557174318906443,-0.46201068214697016,0.0097066057082654,-0.9560968950649668,-0.48171393785426814,-0.5075158497525845
95,-0.10197755568042773,-0.6371781478869182,-0.2453707910756194,-0.6674527542845355,1.1614540889351315,0.7409171118218263
96,-0.3961378154033146,-1.0295201767311284,0.2952642018762977,2.891285288419961,-0.04499639117868553,0.12410240748664313
97,-0.19377237843960232,-0.45463889288720505,0.3068333779791553,-0.4245261041657119,0.12735367740900255,0.04021560769705821
98,-0.4849202290904737,-0.1840988003125952,-0.08690779232418208,-1.1634949504419436,-0.658445787846728,-0.86280111944965
99,-0.787643554509621,-0.9966444874027759,0.023516945317333247,0.5951261232641568,-0.36778762133020304,-0.43349808523236244
100,0.008709378192995644,-0.6643341135593085,-0.2745587258405308,-0.10886317244032842,1.767600516595221,2.413718589978843
101,1.2523926996687582,0.973093879405255,-1.0462192025043686,-1.1077102769182376,-0.36778762133020304,0.06488819587046554
102,-0.4301385360791486,-0.019802929429855946,-0.13359608227572958,-0.3691303729041089,-0.36778762133020304,-0.5469919908300361
103,5.239302233916299,1.1850291075761135,-1.2617000754152625,1.7547497739675817,-0.06982648580572538,1.62913028606449
104,0.016291792076170968,-0.18880772583339048,-0.2229366282805217,0.9271411935959275,-0.37070880893338426,-0.41869453232831805
105,1.364855242429939,0.8922590383014319,-1.02964053798533,1.5377226462119031,1.1877447773637617,-0.43349808523236244
106,0.13493815863708686,-0.5492401434698235,0.29137953127956134,0.03703034463006488,-0.6058644109894672,0.22279276018027241
107,-0.12080332976292782,0.5690014897565527,-0.08754791329331842,-0.2950095923495672,-0.5415982837194818,-0.7098310727745245
108,1.533079081148453,1.0830215889533354,-1.042393054775788,1.2871001978513348,0.15948674104399532,1.7426241916621636
109,0.09915662304076124,-0.475709281798236,-0.26912933211545026,0.9173564278349405,0.17701386666308228,-0.19664123876765213
110,2.588468402230378,0.7557498069706684,-0.8578016619232328,0.9359259060748397,-0.11656548745662369,1.5797851097176754
111,-0.44962102144490573,-0.14217286340165863,0.15680258018632576,-0.9506182666454581,-0.36778762133020304,-0.8085214254681539
112,-0.5021118461163769,-0.6028268761038349,0.27052895691459433,-0.7770535736242008,-0.6350762870212788,-0.8035869078334723
113,-0.5598598175014394,0.10812537846656126,0.442142390412091,-0.572751083412883,-0.3020609002586271,-0.6851584846011172
114,1.4785126127826491,0.20256562068864772,-0.7546666892628495,-0.9887009444391615,-0.36778762133020304,2.255814025669036
115,-0.4896377955677321,-0.93056794389705,-0.1541099903088662,-0.014492552429830233,-0.48463512545744925,-0.023933121553800837
116,0.10469800652288712,-0.2079148618171373,0.23488812979125495,-0.9328658142547029,-0.1618438953059317,-0.4433671205017254
117,-0.3069855293311409,-0.05719520045494632,-0.46756460010641504,-1.2491648362737056,-0.4583444370288189,-0.43349808523236244
118,-0.4878376896396113,0.7748505623080433,0.3416561508439154,-0.9051143459057293,-0.42621137339382614,-0.7641107667560206
119,-0.6013287352814819,-0.9237223198702434,0.8573375096222692,0.06272616822585307,1.9998349310481232,3.5881337870330317
120,-0.7357659358121394,-1.3556817964589345,0.5533211335657575,-0.9073865867647514,-0.6233915366085541,-0.6999620375051616
121,0.017203819399460266,-0.8320759941137345,0.28357241759750257,0.7872728167835005,0.5538470674734512,1.1998272518472026
122,-0.27043689738628646,0.4581724430909769,-0.16381892887292368,0.17112327312186443,-0.5605860031401593,-0.43349808523236244
123,-0.3448815782901764,-0.20724371903819,-0.06676617341829318,-0.2748793349788617,-0.063984110599363,0.43497701847157544
124,-0.0752186005581842,0.02028890606059124,-0.24673302647365863,-0.4544657907869564,-0.36778762133020304,-0.42362904996299955
125,0.013617600825754297,0.23791705499618768,-0.16410698060871112,-0.6591854360945931,-0.36778762133020304,-0.5765990966381249
126,-0.47593728473960795,0.22315899763545263,-0.45159412698361023,0.5031688380701147,0.163868522448767,-0.6506168611583469
127,-0.1221001885889589,0.038340181407914606,0.3982167688878167,-0.13565927533229416,-0.3152062444729424,-0.6654204140623913
128,0.11696326606580719,-0.004986511011174769,-0.3212957932117463,-0.2681585508976457,0.010506173281756372,-0.05354022736188963
129,1.2753828318965896,-0.010352185170789601,-0.819948952963428,-0.6963711595034775,-0.36778762133020304,-0.43349808523236244
130,-0.3448815782901764,-0.20724371903819,-0.06676617341829318,-0.2748793349788617,0.0017426104722129902,0.7409171118218263
131,-0.4928437957159539,-0.699387036719433,-0.3674232681602664,-0.23186058665236495,-0.7124877585055793,-0.724634625678569
132,-0.3448815782901764,-0.20724371903819,-0.06676617341829318,-0.2748793349788617,1.1161756810858237,0.14384047802536898
133,-0.651563011881067,-1.0893450831442129,1.1460171120411518,-0.8066735406203873,-0.24217655439341348,-0.4976468144832215
134,-0.6640672321866057,-0.9934264151498163,0.5932866179818974,0.8269762876618262,-0.7986627927994234,-0.4631051910404512
135,0.08164568934238631,-0.32885105975241635,-0.19401587266645692,-0.4961969872639845,-0.36778762133020304,-0.29039707382659996
136,0.11088894184289581,-0.4541684191943183,-0.4423753477507048,4.856356077914117,2.652720360359111,0.3412211834126276
137,-0.37761835913323516,-0.39260587753430465,-0.18534917825858765,-0.7978335889094486,1.1526905261255882,1.4662912041200016
138,2.5022325377543333,6.854136550653983,7.995602593936382,3.7818800885265476,-0.36340583992543135,-0.16209961532488187
139,-0.529462049653594,-0.12974557041735135,0.5650661138816007,-0.9638293011474746,-0.27869139943317794,0.4793876771837086
140,-0.22611468280253155,0.9229525394620824,-0.16735844472261044,-0.20243074460180396,0.03825745551197743,-0.7493072138519762
141,-0.15652889314431997,-0.2476734825049321,0.07218157480957758,0.9599058891611303,-0.46856859363995296,-0.7048965551398431
142,-0.4329532327139534,0.3686869915270773,0.284425279030397,-1.035587677598915,-0.36340583992543135,-0.3989564617895922
143,0.27898128447524073,0.2572048665041899,-0.14819816198534944,-0.43466728470896737,2.6965381744068284,2.53708153084588
144,-0.3448815782901764,-0.20724371903819,-0.06676617341829318,-0.2748793349788617,0.8620323596090632,0.5386018887998862
145,0.44529555174292973,-0.4212031682150479,-0.21185938668521803,0.039875361205631885,1.3191982195069136,1.6538028742378974
146,-0.4657623864264681,-0.0083627608338795,0.06762822149933764,1.6227186651272958,-0.215885865964783,-0.8134559431028353
147,-0.3983046831213116,-0.680667390652787,0.10765341475526509,-0.5862432442315164,0.009045579480165877,0.1981201720068651
148,0.03868747448336136,-0.07243215055561059,-0.24956009185530617,-0.797670556524002,0.4019453121080313,0.5534054417039306
149,-0.5739148471133408,0.36221460283277845,1.1272379645817325,0.36727319490984484,-0.620470349005373,-0.7098310727745245
150,-0.4124432179271211,0.3869821970446046,-0.312283795358162,-0.44135334963890704,-0.36778762133020304,-0.6012716848115323
151,-0.1580504159857167,0.04882962195512018,-0.3903227901846933,-0.027240347280921808,-0.3736299965365654,-0.20157575640233358
152,2.1878308745624206,1.3225283372674794,-1.2413989230127438,2.008091634794871,0.060166362535836085,0.06488819587046554
153,-0.5860884193290866,-0.781751674545684,0.6117032340287331,-0.058889597082393386,-0.6949606328864925,-0.5864681319074879
154,0.06272398110916075,1.1522785627294396,-0.6943533087033662,-0.10730003325724423,-0.21296467836160193,-0.5617955437340806
155,4.2696755255993635,1.3923017128392015,-1.259721074295738,1.7788462262853684,2.4686855413586986,2.877563247638901
156,-0.3184451129542528,0.39275811780001135,0.26140994234171155,-0.14316820548993608,0.17701386666308228,-0.6456823435236655
157,-0.16117526752669367,1.1238799930671008,-0.5889699215088311,-0.6118787794218278,0.7291183236643205,-0.14729606242083748
158,-0.44031773446148603,0.14378776827749234,0.07365040722472077,0.7742907609188232,-0.18813458373456207,-0.6456823435236655
159,-0.46141149674025134,-0.0223638102078062,-0.293353499583277,-0.5988197291418695,-0.09611717423435574,-0.6062062024462137
160,-0.49631551432755716,-0.04676293451364703,0.45213837195617046,-0.9944587814018783,0.24274058773465826,0.9432323348437663
161,-0.8376920955575934,-1.1245236159711,0.1984829149627775,-0.5037877781956609,-0.35902405852065966,-0.7394381785826133
162,0.10469800652288712,-0.2079148618171373,0.23488812979125495,-0.9328658142547029,-0.5810343163624274,-0.44830163813640683
163,-0.1643783202891744,0.9606942248612561,-0.6828488617558993,-0.3599998479473871,-0.5576648155369781,-0.9022772605271017
164,2.0396914267812902,0.5480896541745772,-0.8652900021951825,1.852502109112703,0.1682503038535389,2.162058190610088
165,-0.6119089210257086,-0.9947010224402577,0.03903498678377231,0.9173007096626257,-0.3692482151317937,-0.18677220349828919
166,-0.6209659786493029,-0.08822807133882705,-0.007328433029139866,0.7294968249998754,0.08353586336128524,-0.5420574731953547
167,-0.6116563586386876,-0.2327171314073704,0.2216413863625369,0.1273322945308799,-0.5313741271083477,-0.7542417314866577
168,-0.34235348057901777,0.0541864227693345,0.1089716679975678,-0.9178351814089553,-0.07859004861526876,-0.43349808523236244
169,-0.6116563586386876,-0.2327171314073704,0.2216413863625369,0.1273322945308799,0.016348548488118765,-0.21144479167169652
170,-0.7030425390701746,-0.984547028186121,0.5469396546914399,-0.07601789513574793,-0.564967784544931,-0.43349808523236244
171,3.7671877999212557,1.6788849267899935,-1.3423135977224117,1.125610006219026,2.1882515314533073,1.5255054157361794
172,0.10724829980384035,-0.3497484911392536,-0.4058671010216429,-0.4349706233775549,-0.35026049571111617,-0.43349808523236244
173,-0.5757663731086095,-0.48307475950111534,-0.37005569095402624,-0.26550366410701076,-0.2640854614172721,-0.41869453232831805
174,-0.5186377922241491,-0.25048886139966664,0.26757741133101814,-0.011380861936724876,1.8669208951033802,0.716244523648419
175,-0.5834921338491647,0.6534782435072541,0.2146490644775293,-0.7547324927373563,-0.3604846523222502,-0.7394381785826133
176,-0.44446877373981586,-0.6214391614963871,0.42731734581458025,-0.4837660169073737,-0.6160885676006013,-0.32000417963468875
177,-0.07401255664421338,0.1194389790267716,-0.01753479632761929,-0.8697657549516112,0.7145123856484147,0.9531013701131293
178,-0.4301385360791486,-0.019802929429855946,-0.13359608227572958,-0.3691303729041089,-0.36778762133020304,-0.10288540370870428
179,-0.13582127074160935,-0.3278852567869877,0.020026158721409785,-0.7450511360051081,-0.1282502378693484,0.5188638182611603
180,-0.492935194682252,-0.3950020469420407,-0.03145346156479534,-0.4652650821850583,-0.3108244630681706,-0.004195051015074977
181,-0.3859885780234375,-0.7689131829088856,-0.3376456175180294,1.1445740010233287,0.15218377203604241,-0.05354022736188963
182,-0.5137024533042603,0.17897695251899615,-0.4179917212091482,-0.38346612624721266,0.19308039848057856,-0.7739798020253835
183,-0.4273649011995036,0.5355075363716879,-0.11717605839751606,-0.7668390687475569,-0.21150408456001132,-0.6456823435236655
184,-0.22049252694000065,0.5243282299114395,0.10703160640392523,-0.3136614990829883,-0.13701380067889188,-0.502581332117903
185,-0.34350252308133333,-0.36102672603585517,-0.34036417466749025,0.022625924654072756,0.20914693029807502,0.025412054793013814
186,0.1836832247816864,-0.4474787778185647,-0.48125601651493327,0.18240174224374833,0.42093303152870876,1.2985176045408318
187,0.4542475241807511,0.5363596022784365,-0.2037813420986406,0.5260189047814894,-0.5269923457035761,-0.4433671205017254
188,-0.47242567934568874,-0.09572491858057518,0.16262219185717358,-1.460134771739297,-0.7782144795771553,-0.6012716848115323
189,-0.10448671445963496,-0.36209901818544943,0.036300587561688455,-0.6526421493732923,-0.11656548745662369,0.025412054793013814
190,-0.12080332976292782,0.5690014897565527,-0.08754791329331842,-0.2950095923495672,-0.4495808742192754,-0.6012716848115323
191,-0.15738308911098645,-0.6712916291149568,-0.41049995069099204,-0.5786361689210335,0.2149893055044372,-0.1571650976902004
192,-0.6536758725026502,-1.0362390086617406,0.7444393264405583,-0.5224577115607912,-0.36778762133020304,-0.43349808523236244
193,-0.5860884193290866,-0.781751674545684,0.6117032340287331,-0.058889597082393386,-0.3736299965365654,-0.2953315914612814
194,-0.0752186005581842,0.02028890606059124,-0.24673302647365863,-0.4544657907869564,-0.36778762133020304,-0.7591762491213392
195,-0.5297373016629091,-0.12323689727310137,0.02119753520457179,-0.5029974064480306,-0.36778762133020304,0.015543019523650883
196,-0.5088648311505105,-0.23573089970055955,1.018717201607882,-1.2761631077049689,0.6692339777991069,0.8790836055929073
197,-0.6763750962078214,-0.9535779716399174,0.779103088265427,0.6589477903736213,-0.5518224403306158,-0.6555513787930284
198,2.471722518449435,0.01767388003733283,-1.0005152794157002,-0.7986758379026749,-0.36778762133020304,5.892553522429275
199,-0.4947042104424958,-0.6438965725092276,-0.02346083497836906,1.3981623957230582,-0.19689814654410556,-0.11275443897806721
200,-0.8407558690712059,-1.1529201850208755,-0.11996622121162934,2.0035485839238465,-0.36778762133020304,-0.43349808523236244
201,0.43033707298363155,0.20734613929378112,-0.4569974896925482,1.5144483908081028,1.7851276422143079,2.4926708721337465
202,-0.6372730203857461,0.2195697265866788,0.09894620448634403,0.25362671304601714,-0.43935671760814143,-0.8479975665456055
203,-0.3448815782901764,-0.20724371903819,-0.06676617341829318,-0.2748793349788617,-0.3692482151317937,-0.5716645790034435
204,-0.5833265550779438,-0.048573073928686795,0.1088648058787049,-0.006172860690633699,-0.08589301762322166,-0.18183768586360774
205,2.194058015459462,1.4433911794296244,-1.2480931422925852,0.9905019256814399,0.6604704149895634,0.7458516294565077
206,-0.4242684426169938,-0.7378888280568352,-0.38677940573766656,-1.1011113842496878,0.9934858017522151,0.9432323348437663
207,1.170796374331079,1.0952913587345372,-0.8093038971700725,1.2792829522635507,1.7252432963490945,1.0419226875373957
208,-0.3836068996444937,0.05843630167616103,0.04787575309759587,0.4051497875208527,-0.5196893766956232,-0.502581332117903
209,-0.3688976431911412,-0.1815353281974222,0.5791890685767278,-0.27925591302292424,-0.640918662227641,-0.724634625678569
210,-0.17790197854703513,-0.38719514828340623,0.2242960747218062,0.3401240553485158,-0.21004349075842074,-0.43843260286704394
211,-0.4905300847656117,0.5776165122767565,-0.011383526436663481,-1.2797028086532904,-0.49778046967176454,-0.7197001080438874
212,-0.7250415620736931,-0.948160046400064,-0.1809069011003837,-0.7835024403630138,-0.36778762133020304,-0.43349808523236244
213,-0.3448815782901764,-0.20724371903819,-0.06676617341829318,-0.2748793349788617,4.8772047201815605,7.234742319062634
214,-0.6763750962078214,-0.9535779716399174,0.779103088265427,0.6589477903736213,-0.8322564502360067,-0.86280111944965
215,0.0956507361336987,-0.5066761782040106,0.04875113054746273,0.13002478015127195,-0.48463512545744925,-0.0436711920925267
216,0.2773048473044926,-0.24553316118898008,-0.3394313673988522,0.3521096479525522,-0.09611717423435574,0.5386018887998862
217,-0.662705558543828,-0.5039592612802487,-0.09897818882105772,-0.4177406781264977,-0.5401376899178912,-0.7690452843907021
218,-0.6116563586386876,-0.2327171314073704,0.2216413863625369,0.1273322945308799,-0.4539626556240472,-0.2607899680185112
219,-0.6763750962078214,-0.9535779716399174,0.779103088265427,0.6589477903736213,-0.39261771595724293,-0.06834378026593403
220,-0.05675198132744722,0.3429341953348687,0.22006086339979464,-0.7054309186204335,0.17409267905990108,-0.43349808523236244
221,-0.27043689738628646,0.4581724430909769,-0.16381892887292368,0.17112327312186443,-0.516768189092442,-0.43349808523236244
222,0.4485870859211769,-0.13181531732259405,-0.3665976976166128,-0.12162204049319622,0.5187928162352775,0.8840181232275888
223,-0.0752186005581842,0.02028890606059124,-0.24673302647365863,-0.4544657907869564,-0.36778762133020304,-0.43843260286704394
224,-0.18431299864486658,0.328878891398649,0.051934087491099755,-0.11280124306791406,-0.36778762133020304,-0.7295691433132504
225,-0.605522608035731,-0.37834082587151435,0.025311505198313346,0.8360472241352734,-0.4086842477747393,-0.7098310727745245
226,0.39010588246848554,-0.3513947255588,-0.48817180365609736,0.37301067324299486,0.8956260170456463,1.1751546636737953
227,-0.6949030818858792,-0.43403099552249047,0.7351771069819019,-0.47852791152172613,-0.347339308107935,-0.43349808523236244
228,3.7123086366540576,2.7014895539088157,-1.7533883747723074,1.331690951469641,9.2268530613183,1.3873389219650982
229,-0.6949030818858792,-0.43403099552249047,0.7351771069819019,-0.47852791152172613,-0.5897978791719709,-0.43349808523236244
230,-0.2584801630023809,-0.1740462888769039,-0.5638251805780963,-0.302392856335644,-0.215885865964783,-0.4779087439444956
231,-0.6640672321866057,-0.9934264151498163,0.5932866179818974,0.8269762876618262,-0.45104146802086603,0.5089947829917975
232,-0.4048459255678798,-0.13593206340955405,-0.08884568072666929,-0.43159712855222143,-0.31812743207612343,-0.29039707382659996
233,-0.5977339864742109,-0.20350013248292878,0.1663071965874162,-1.2317152214853866,-0.6730517258626338,-0.30520062673064435
234,-0.22014886251278645,-0.08881382952213937,0.15373679419227235,-1.2616083967758371,-0.25094011720295684,-0.3594803207121405
235,-0.46266144190658093,-0.2676493121721578,-0.04091146103964019,-0.6537080526287179,-0.44665968661609434,-0.08808185080465988
236,-0.3192041714480759,-0.06547763934171037,-0.07527155444670905,0.6655804115339194,-0.31812743207612343,-0.8578666018149684
237,-0.5572495894452982,-0.7664801367503944,0.26415344082722475,-0.9206372359754557,-0.36632702752861257,-0.5914026495421694
238,-0.038353924210005434,0.5793561878490605,-0.2913300422373153,0.6525683519759551,-0.4481202804176848,-0.6851584846011172
239,-0.42552968772387795,-1.162726748773869,-0.08194714056466616,-0.4735997225534455,-0.36778762133020304,-0.43349808523236244
240,-0.6949030818858792,-0.43403099552249047,0.7351771069819019,-0.47852791152172613,-0.7227119151167134,-0.43349808523236244
241,-0.4538223180054248,-0.54001659140296,-0.1976672722018809,-0.16671693485834244,-0.7066453832992171,-0.43349808523236244
242,0.3476462890335606,-0.12058279223677278,-0.04977145146502423,-0.39791307740390025,0.5538470674734512,0.3806973244900793
243,-0.05675198132744722,0.3429341953348687,0.22006086339979464,-0.7054309186204335,-0.7723721043707931,-0.43349808523236244
244,-0.2412963836358916,-0.6501636329210473,-0.10377191647327447,0.6814037616610282,-0.7300148841246663,-0.7838488372947465
245,0.10620571537583225,-0.25651640002020526,0.5254114840428972,-0.17469878975050096,-0.20712230315523955,0.37576280685539787
246,-0.6395330699676613,0.2797989532830332,0.38186509624034964,-1.2797028086532904,-0.6526034126403657,-0.9220153310658276
247,0.0806780571493854,0.3208556461280093,-0.49452202851687804,0.28190067534267826,-0.30936386926657994,-0.37428387361618487
248,-0.6116563586386876,-0.2327171314073704,0.2216413863625369,0.1273322945308799,-0.8132687308153291,-0.8776046723536943
249,-0.4082686843629332,-1.2096888446060123,-0.24340638556301894,0.366109356217512,-0.35902405852065966,-0.10781992134338575
250,2.556334603177688,1.1573576752946675,-1.1601042874108105,2.8517838682997048,3.1639281909158132,1.7919693680089783
251,-0.725411078253259,-0.8985249918629925,0.1893220466078074,-0.2003836677252873,-0.26262486761568155,-0.7542417314866577
252,-0.4711342613385862,-0.42984794062170384,-0.00270587932950824,-0.4468062932740641,-0.5284529395051666,-0.5815336142728064
253,-0.7438228095538105,-0.5890358651358363,0.6202343747522208,-0.9662211169618053,1.3907673157848521,-0.43349808523236244
254,0.10120952687775997,-0.16247686628955818,0.07789076922279638,-0.742687803503371,-0.36778762133020304,-0.9121462957964646
255,-0.7024220621647596,-0.770127631224845,0.8538490070516169,-1.4681067172234266,-0.36778762133020304,-0.43349808523236244
256,0.7743405954909524,-0.006815911395400163,-0.9285642076056114,-0.9820968685123238,-0.36778762133020304,1.989350073396237
257,-0.8371051935658836,-1.0456938591717884,0.22298216478147653,-0.39280463573072194,-0.5868766915687896,-0.6506168611583469
258,-0.4301385360791486,-0.019802929429855946,-0.13359608227572958,-0.3691303729041089,-0.36778762133020304,-0.7591762491213392
259,-0.43674090641607527,-0.6981495876706096,-0.362140032772403,-1.2380928485882015,1.7340068591586377,0.5830125475120194
260,-0.026632024178986823,0.4014602987880059,-0.26483724232745937,-0.18233488703830003,1.491548288094602,0.5484709240692491
261,0.5362840978537647,0.14036331419421325,-0.1573099224529441,-0.2714805075874616,-0.36778762133020304,0.2622689012577242
262,-0.3393759329358923,-0.16139968436880014,0.013142050333703293,-0.8410724886143365,-0.36778762133020304,-0.7394381785826133
263,-0.7280946715864708,-0.2467163871491362,-0.06676617341829318,0.06776216181078397,-0.36778762133020304,-0.43349808523236244
264,-0.8481778910466993,-1.3493177175043252,0.27335189521069914,0.9447935247903385,-0.36778762133020304,-0.43349808523236244
265,-0.415920314369065,0.332690910342953,0.4459552866906092,0.5789452806467541,0.30992790260782477,-0.45323615577108833
266,-0.11815353743596549,-0.48335676732911387,-0.24195955130993357,-0.438421347600758,-0.36778762133020304,-0.07821281553529695
267,0.07771195847469782,-0.3815780373941488,0.36938945795397576,-0.8527569762015611,-0.36778762133020304,0.6520957943975599
268,-0.4538223180054248,-0.54001659140296,-0.1976672722018809,-0.16671693485834244,-0.01140273374210229,-0.43349808523236244
269,2.1172921943316863,1.3316461869203529,-1.0864609975183523,2.078227962146509,-0.02016629655164567,1.352797298522328
270,0.968685904544993,-0.04420172285162706,-0.20570805486562949,-0.5548247818630836,-0.5372165023147101,-0.43349808523236244
271,-0.27043689738628646,0.4581724430909769,-0.16381892887292368,0.17112327312186443,0.15510495963922363,-0.43349808523236244
272,-0.4992734175633238,-0.8387431186834657,0.8760064494569046,-0.8546114804023931,-0.4539626556240472,0.30667955996985735
273,0.5658861311126442,2.570268800567626,-1.741568227944181,3.933882855804683,6.650365595312522,-1.0207056837594568
274,-0.6892686765193722,-0.05603481089921207,0.2511536704563925,-0.22712391315562522,-0.44227790521132254,-0.6752894493317543
275,-0.732964362323182,-0.41977436549225927,0.13639425853733175,-0.31115188918919345,-0.6964212266880829,-0.6703549316970728
276,-0.32392697631148454,-1.062625764531261,-0.2052411530390289,0.48769791191874606,-0.5153075952908514,0.07475723113982846
277,-0.6407619605672662,-0.3417611390531866,-0.257178394572334,-0.35662144664869977,-0.49193809446540215,-0.7295691433132504
278,-0.020310737210129222,-0.3788292549065466,-0.4120448340161279,-0.36054745740057986,0.21644989930602793,0.13397144275600606
279,-0.543405337417316,-0.31959562359857957,0.5689780254690577,-1.0485590938512919,0.14488080302808953,0.16357854856409484
280,-0.7304958690467983,-0.47401420978293834,0.5583746181789151,-1.1150843291157022,0.3931817492984877,-0.17690316822892627
281,-0.840375210699038,-0.8256833022488904,-0.09734006960051153,0.26028325680372016,-0.36778762133020304,-0.43349808523236244
282,2.5022325377543333,6.854136550653983,7.995602593936382,3.7818800885265476,-0.11656548745662369,-0.41869453232831805
283,-0.7039645806017352,-0.3684328168512476,0.04816194953371051,-0.3508564579497042,-0.3385757452983915,-0.06340926263125256
284,-0.49627688302240175,-0.12767784452002273,0.13183515298789297,-0.3033792394857157,-0.2801519932347684,-0.20157575640233358
285,0.1662252332852343,0.552333105766798,-0.16735844472261044,-0.06903084421010759,0.2325164311235242,0.3806973244900793
286,0.2001799717387046,-0.6862480607883141,-0.4768985101002378,0.2802718264744014,-0.1194866750598049,0.2129237249109095
287,-0.4438185388992731,-0.32309825975079975,0.03615914887626685,-0.6318446057491975,-0.3356545576952104,-0.4433671205017254
288,-0.6589978039370336,0.635681505142274,0.33883735998835074,-1.122453489305819,-0.36778762133020304,-0.7295691433132504
289,-0.3765023559715797,-0.22443829300555013,0.20868663161497122,-1.0823960311771152,-0.38823593455247124,-0.8776046723536943
290,-0.3753233309515955,0.10924030860524465,0.008084962174787462,-0.28194894023632794,0.051402799726292706,0.000739466619606488
291,-0.8319309056036921,-0.909207595445771,0.04543299597350421,1.6648488577790908,-0.36778762133020304,-0.43349808523236244
292,-1.0226836033443607,1.1948500027939697,1.893724296868343,2.8050659195661654,-1.04258195766505,-1.0355092366635013
293,-0.6513035390252584,-0.735913901035963,0.09590466674097195,-0.09956193522590506,-0.32250921348089523,-0.43349808523236244
294,-0.4307280592775002,0.3924157453439034,-0.3341475164925176,-0.35279061620758095,-0.19835874034569617,-0.1571650976902004
295,-0.2939770659974435,-0.06587370160978653,0.9299588187386775,-1.1299414231388698,-0.36778762133020304,-0.45323615577108833
296,-0.1298947553082503,-0.44378881632374856,0.5710592207112593,-0.22575990876440502,0.17409267905990108,2.0485642850124144
297,-0.36468093347446484,-0.5123950963416503,0.1869185119630148,0.2941797531462898,-0.36778762133020304,-0.5124503673872659
298,-0.9581203420174554,-1.3120106378657548,0.13464304347888775,-0.37561798647803357,-0.36778762133020304,-0.43349808523236244
299,-0.78482931946848,-0.24290186169600603,0.12107568084735225,-0.2957115274794539,-0.6117067861958295,-0.7641107667560206
300,-0.20204076879193592,-0.6497551252223202,-0.020233847638989604,-0.6727406974461074,-0.36778762133020304,-0.5519265084647176
301,-0.3912155166932047,-0.06513879938646437,0.34653352337131915,0.013858872966268644,-0.4086842477747393,-0.6604858964277098
302,-0.5187218897070738,-0.6569959123437115,-0.20837501669457728,0.2642072465263695,-0.6014826295846954,-0.7690452843907021
303,2.8876756731143054,0.43941038140294997,-1.0546428262826597,2.30956481494929,-0.36778762133020304,0.6422267591281969
304,-0.18987004111104996,0.7858885069219972,-0.5272137066804639,-0.6211818741591025,-0.36778762133020304,-0.33974225017341464
305,-0.354355911341668,0.4376037952368574,0.2752059397452626,-0.19664581314376706,-0.21442527216319243,-0.5765990966381249
306,-0.6429575972675755,-1.3779311045985267,0.2352907537530991,-0.6326448673122128,-0.620470349005373,-0.7197001080438874
307,-0.14640289224373224,-0.05691157919001949,-0.4800845049862455,-0.6481732777595324,-0.36778762133020304,0.16357854856409484
308,0.08164568934238631,-0.32885105975241635,-0.19401587266645692,-0.4961969872639845,-0.36778762133020304,-0.640747825888984
309,-0.3516573769673811,-0.45163425725078227,0.22010599382814844,-0.3944172995766304,-0.36778762133020304,-0.7542417314866577
310,-0.6949030818858792,-0.43403099552249047,0.7351771069819019,-0.47852791152172613,-0.36778762133020304,-0.43349808523236244
311,-0.840375210699038,-0.8256833022488904,-0.09734006960051153,0.26028325680372016,-0.36778762133020304,-0.43349808523236244
312,-0.6633299783960398,-0.7451680810204023,-0.031118637023132115,-0.3343379609188478,-0.36778762133020304,-0.43349808523236244
313,-0.6472201698242457,0.1342776299863488,-0.08148930046334839,-0.2748793349788617,-0.36778762133020304,-0.43349808523236244
314,-0.2205925258276106,-0.20724371903819,0.1735247015286502,-0.06797819297450113,-0.36778762133020304,-0.4581706734057698
315,-0.04920612427739004,0.5434793002512948,-1.222359810660876e-05,-0.540606609022687,-0.03915401597232314,-0.3841529088855478
316,2.003084089283794,1.570525882748913,-1.2226519827813715,1.0029202120858178,-0.36778762133020304,0.3116140776045388
317,-0.24210207470175246,0.7119308921159541,-0.4334670670849219,1.0298697917928226,-0.36778762133020304,-0.43349808523236244
318,-0.8403674496160972,-0.3806860344328407,0.2620748620957036,-0.1146249298965589,-0.36778762133020304,-0.43349808523236244
319,2.721653190001753,2.327194758635054,-1.5575845559246442,0.9366538168318627,-0.36778762133020304,0.2573343836230427
320,-0.38073546065147096,0.6104313530614066,-0.16288182259506181,-0.9117931631895139,-0.36778762133020304,-0.9072117781617831
321,0.05766240587620891,-0.3125429455427637,0.18822362397736153,-0.9106154975867493,0.6896822910213749,3.2476520702400107
322,-0.12815703922104368,-0.05730123287241925,0.06660882446245271,-0.7203390091946078,0.004663798075394187,-0.2706590032878741
323,-0.6434168279947139,0.4587023215040831,0.2069337311727406,-0.8395069669455276,-0.36778762133020304,-0.9762950250473237
324,-0.35354541597240735,0.09532282698223066,-0.034862432352129234,-0.06494427539740608,-0.2757702118299967,-0.43843260286704394
325,-0.2736411867763696,0.07635805248850924,0.18000371216325967,0.01455149186687659,1.5660385719757213,1.5896541449870383
326,-0.553657024495297,0.05248577239878107,0.04835560050140229,-0.7889830391851752,-0.5854160977671992,-0.5272539202913104
327,-0.7064126395045329,-0.5052159579091436,0.10167184556379227,0.47472140597734735,-0.11656548745662369,-0.5617955437340806
328,-0.07976126369354566,-0.3601257041683498,0.4470920245245014,-1.2048813055486711,-0.36778762133020304,-0.5124503673872659
329,-0.7106488043068685,0.5314182232795969,0.35865939875357356,-0.7579632962954075,0.18869861707580685,-0.42362904996299955
330,1.0174891982396286,0.8408705755384479,-1.1019141564112795,2.9140410510976613,0.0017426104722129902,-0.6506168611583469
331,0.9730997982114863,1.8567804981133935,-0.8930224337167031,0.1858239625615126,0.06308755013901729,-0.5963371671768508
332,0.0935759628931709,0.8559403242071436,-0.27427139052504657,-0.8829476344399012,0.41801184392552754,0.40536991266348665
333,0.23951256060597356,-0.20803767878871005,-0.03472333426979977,-1.01388149005139,-0.6160885676006013,-0.43349808523236244
334,2.5022325377543333,6.854136550653983,7.995602593936382,3.7818800885265476,-0.36778762133020304,-0.43349808523236244
335,-0.22758740696475777,-0.25693030186007554,0.17973836616053307,-0.9870828457072715,-0.08151123621844997,0.2129237249109095
336,-0.6903737323380538,-0.9588748340895299,-0.36775709069568513,-0.7806157315497058,-0.36778762133020304,0.9679049230171737
337,-0.6084712547001375,-0.7454802677718302,-0.02374103295404141,-1.1136859852032057,-0.6613669754499092,-0.6802239669664357
338,0.07418114467430668,0.11005416672654247,-0.04702614217971112,-0.5267364226520703,1.205271902982849,-0.048605709727208166
339,-0.3069855293311409,-0.05719520045494632,-0.46756460010641504,-1.2491648362737056,-0.5678889721481122,-0.43349808523236244
340,-0.64342984630508,-0.5580784148147238,0.6587289244103446,-0.7123430035630421,-0.36778762133020304,-0.7838488372947465
341,-0.20832976314488735,-0.41328074914870827,0.46853096844846487,-1.1165449243046115,-0.09465658043276504,0.9975120288252625
342,-0.4998922988802388,-0.8930135871919428,0.0884595290475817,1.0903990050044308,-0.36778762133020304,-0.37428387361618487
343,0.06774106844794871,0.19308755927394644,-0.13509941620075772,-0.4804688356128233,-0.36778762133020304,-0.6062062024462137
344,-0.4884632704846487,-0.42281337587181667,-0.23884959624516175,0.2133607611024164,-0.36778762133020304,0.47445315954902717
345,-0.5332632076010732,-0.23365533717759301,0.053794475377880686,-0.9864654081263575,0.6838399158150127,-0.18183768586360774
346,-0.8509193550337574,-0.03671475088453024,0.20553268987116097,-0.3506648841560018,-0.08881420522640285,-0.5223194026566288
